ID;JOUR;DEBUT;FIN;GRADE;DIPLOME;SEMESTRE;TYPE_RESA;INTITULE_EC;BATIMENT;SALLE;COMMENTAIRE
689977;05/12/2016;07:30;09:00;L1;GESTION;1;Examen;INTRODUCTION  A LA GESTION;A;AMPHIA2;INTRO A LA GESTION-CONTROLE CONTINU ASSISDUS ET DI
689977;05/12/2016;07:30;09:00;L1;GESTION;1;Examen;INTRODUCTION  A LA GESTION;A;AMPHIA1;INTRO A LA GESTION-CONTROLE CONTINU ASSISDUS ET DI
692793;06/12/2016;07:30;09:00;L1;PC;5;Examen;Spectroscopie;E;E3-2EQ;Examen
692794;07/12/2016;07:30;09:00;L1;PC;5;Examen;Chimie Organique 4;E;E3-2EQ;Examen
692934;05/12/2016;08:00;09:00;M2;PIF;3;Examen;LVE ANGLAIS;IUB;IUFM_B02;CC2 +ETUniquement les étudiants inscrits en sept
693629;05/12/2016;08:00;09:00;M2;PAPC1;3;Examen;CDPC1 (1)-EPS;IUB;IUFM_B26;CC +ET
693629;05/12/2016;08:00;09:00;M2;PAPC1;3;Examen;CDPC1 (1)-EPS;IUB;IUFM_B21;CC +ET
693629;05/12/2016;08:00;09:00;M2;MEEF Primaire;3;Examen;CDPC1 (1)-EPS;IUB;IUFM_B26;CC +ET
693629;05/12/2016;08:00;09:00;M2;MEEF Primaire;3;Examen;CDPC1 (1)-EPS;IUB;IUFM_B21;CC +ET
694048;08/12/2016;07:30;09:00;L1;INFO;1;Examen;Echelles du vivant;A;AMPHIA3;ECHELLES DU VIVANT S1 CC + ET
694048;08/12/2016;07:30;09:00;L1;MATHS;1;Examen;Echelles du vivant;A;AMPHIA3;ECHELLES DU VIVANT S1 CC + ET
694048;08/12/2016;07:30;09:00;L1;SVT;1;Examen;Echelles du vivant;A;AMPHIA3;ECHELLES DU VIVANT S1 CC + ET
694048;08/12/2016;07:30;09:00;L1;PC;1;Examen;Echelles du vivant;A;AMPHIA3;ECHELLES DU VIVANT S1 CC + ET
696572;06/12/2016;07:30;09:00;L1;GESTION;3;Examen;ANGLAIS 3;G;G3-2EQCL;L2EG: ET - Uniquement les dispensés
700462;05/12/2016;07:30;09:00;L1;PC;5;Examen;Chimie Physique ;E;E3-2EQ;UNIQUEMENT NON ASSIDUS
714672;07/12/2016;08:00;09:00;M2;Tahitien-Lettres;1;Examen;LVE ANGLAIS;IUA;TP1;CC+ET
714672;07/12/2016;08:00;09:00;M2;P2D;3;Examen;LVE ANGLAIS;IUA;TP1;CC+ET
714672;07/12/2016;08:00;09:00;M2;PAPC2;3;Examen;LVE ANGLAIS;IUA;TP1;CC+ET
714672;07/12/2016;08:00;09:00;DU0;TRONC COMMUN MEEF2;1;Examen;LVE ANGLAIS;IUA;TP1;CC+ET
692642;07/12/2016;07:30;09:30;L1;GESTION;1;Examen;INTRODUCTION A L ECONOMIE;A;AMPHIA1;L1EG: CONTROLE CONTINU ASSIDUS (1h) ET DISPENSES (
692642;07/12/2016;07:30;09:30;L1;GESTION;1;Examen;INTRODUCTION A L ECONOMIE;A;AMPHIA3;L1EG: CONTROLE CONTINU ASSIDUS (1h) ET DISPENSES (
693744;08/12/2016;08:00;09:30;M2;MEEF 4;3;Examen;PEDAGOGIE DES ADULTES (1);IUB;IUFM_B13;ET des dispensés d'assiduité
693744;08/12/2016;08:00;09:30;M2;PIF;3;Examen;PEDAGOGIE DES ADULTES (1);IUB;IUFM_B13;ET des dispensés d'assiduité
694783;05/01/2017;08:00;09:30;L1;PC;5;Examen;Electricité Electronique 5;B;B1-1;uniquement dispensé Electricité électronique 5
694785;06/01/2017;08:00;09:30;L1;PC;5;Examen;Informatique pour les Sciences Physiques 2;B;B1-2-TP;uniquement dispensé info pours sp 2 S5
694827;15/11/2016;07:30;09:30;M2;EIO;3;Examen;Substances naturelles marines;B;B1-1;Examen
702117;07/12/2016;08:00;09:30;M2;MANAGEMENT;1;Examen;ANGLAIS;G;G3-3EQ; M1 MGMT: ANGLAIS - ORALUNIQUEMENT LES DISPENSES
717738;21/04/2017;07:30;09:30;L1;HISTOIRE;4;Examen;Préparation au C2i;B;B2-4-TP;uniquement dispensés C2i S4
717738;21/04/2017;07:30;09:30;L1;LLCER;4;Examen;PREPARATION AU CERTIFICAT INFORMATIQUE ET INTERNET (C2i) S4;B;B2-4-TP;uniquement dispensés C2i S4
717738;21/04/2017;07:30;09:30;L1;LLCE;4;Examen;PREPARATION AU CERTIFICAT INFORMATIQUE ET INTERNET (C2i) S4;B;B2-4-TP;uniquement dispensés C2i S4
717738;21/04/2017;07:30;09:30;L1;GEOGRAPHIE ET AMENAGEMENT;4;Examen;Préparation au C2i;B;B2-4-TP;uniquement dispensés C2i S4
717738;21/04/2017;07:30;09:30;L1;LA;4;Examen;PREPARATION AU CERTIFICAT INFORMATIQUE ET INTERNET (C2i) S4;B;B2-4-TP;uniquement dispensés C2i S4
717738;21/04/2017;07:30;09:30;L1;DROIT;4;Examen;PREPARATION AU CERTIFICAT INOFRMATIQUE ET INTERNET (C2i);B;B2-4-TP;uniquement dispensés C2i S4
717738;21/04/2017;07:30;09:30;L1;LLCER;4;Examen;PREPARATION AU C2i;B;B2-4-TP;uniquement dispensés C2i S4
717738;21/04/2017;07:30;09:30;L1;LLCR;4;Examen;PREPARATION AU C2i;B;B2-4-TP;uniquement dispensés C2i S4
692897;09/12/2016;08:00;10:00;L1;LA;3;Examen;GRAMMAIRE S3;F;F1-1EQ;GRAMMAIRE S3 CC3 + ET
693379;08/12/2016;09:00;10:00;M2;MEEF Primaire;1;Examen;HISTOIRE-GEOGRAPHIE-EDUCATION MORALE & CIVIQUE;IUB;IUFM_B21;Examen
693379;08/12/2016;09:00;10:00;M2;MEEF Primaire;1;Examen;HISTOIRE-GEOGRAPHIE-EDUCATION MORALE & CIVIQUE;IUB;IUFM_B26;Examen
693379;08/12/2016;09:00;10:00;M2;PE;1;Examen;HISTOIRE-GEOGRAPHIE-EDUCATION MORALE & CIVIQUE;IUB;IUFM_B21;Examen
693379;08/12/2016;09:00;10:00;M2;PE;1;Examen;HISTOIRE-GEOGRAPHIE-EDUCATION MORALE & CIVIQUE;IUB;IUFM_B26;Examen
693457;18/11/2016;08:00;10:00;M2;EIO;3;Examen;Invasions biologiques dans les iles;B;B1-1;meyer
693820;05/12/2016;08:00;10:00;L1;SVT;5;Examen;Microbiologie;G;G1-1EQ;ASSIDUS ET NON ASSIDUS
693943;05/12/2016;09:00;10:00;M2;PIF;3;Examen;LVE ESPAGNOL;IUB;IUFM_B04;ET des assidus et des dispensés d'assiduité
694239;08/12/2016;08:00;10:00;L1;GESTION;3;Examen;MICROECONOMIE;A;AMPHIA1;L2EG: CONTROLE CONTINU ASSIDUS ET DISPENSES (1h30)
694798;10/04/2017;08:00;10:00;L1;DROIT;4;Examen;EXPRESSION ECRITE & CERTIFICATION VOLTAIRE - DROIT;A;AMPHIA2;Examen
695405;07/12/2016;08:00;10:00;L1;LLCER;1;Examen;LVE ESPAGNOL S1;G;G3-1EQCL;UNIQUEMENT ETUDIANTS DISPENSES LVE ESPAGNOL S5
695405;07/12/2016;08:00;10:00;L1;LLCE;5;Examen;LV ESPAGNOL 5 S5;G;G3-1EQCL;UNIQUEMENT ETUDIANTS DISPENSES LVE ESPAGNOL S5
695405;07/12/2016;08:00;10:00;L1;LLCR;1;Examen;LVE ESPAGNOL S1;G;G3-1EQCL;UNIQUEMENT ETUDIANTS DISPENSES LVE ESPAGNOL S5
695405;07/12/2016;08:00;10:00;L1;LLCER;5;Examen;LV ESPAGNOL 5 S5;G;G3-1EQCL;UNIQUEMENT ETUDIANTS DISPENSES LVE ESPAGNOL S5
695405;07/12/2016;08:00;10:00;L1;LLF;1;Examen;LV ESPAGNOL S1;G;G3-1EQCL;UNIQUEMENT ETUDIANTS DISPENSES LVE ESPAGNOL S5
695405;07/12/2016;08:00;10:00;L1;HISTOIRE;1;Examen;LVE ESPAGNOL S1;G;G3-1EQCL;UNIQUEMENT ETUDIANTS DISPENSES LVE ESPAGNOL S5
695405;07/12/2016;08:00;10:00;L1;LLCER;5;Examen;LVE ESPAGNOL S5;G;G3-1EQCL;UNIQUEMENT ETUDIANTS DISPENSES LVE ESPAGNOL S5
695405;07/12/2016;08:00;10:00;L1;LEA;1;Examen;LV ESPAGNOL 1;G;G3-1EQCL;UNIQUEMENT ETUDIANTS DISPENSES LVE ESPAGNOL S5
695405;07/12/2016;08:00;10:00;L1;LA;5;Examen;LVE ESPAGNOL S5;G;G3-1EQCL;UNIQUEMENT ETUDIANTS DISPENSES LVE ESPAGNOL S5
695405;07/12/2016;08:00;10:00;L1;GEOGRAPHIE ET AMENAGEMENT;1;Examen;LVE ESPAGNOL S1;G;G3-1EQCL;UNIQUEMENT ETUDIANTS DISPENSES LVE ESPAGNOL S5
695405;07/12/2016;08:00;10:00;;;;Examen;LV ESPAGNOL S1;G;G3-1EQCL;UNIQUEMENT ETUDIANTS DISPENSES LVE ESPAGNOL S5
695405;07/12/2016;08:00;10:00;L1;LA;1;Examen;LV ESPAGNOL S1;G;G3-1EQCL;UNIQUEMENT ETUDIANTS DISPENSES LVE ESPAGNOL S5
695405;07/12/2016;08:00;10:00;L1;LLCE;1;Examen;LV ESPAGNOL S1;G;G3-1EQCL;UNIQUEMENT ETUDIANTS DISPENSES LVE ESPAGNOL S5
695405;07/12/2016;08:00;10:00;L1;LLCER;1;Examen;LV ESPAGNOL S1;G;G3-1EQCL;UNIQUEMENT ETUDIANTS DISPENSES LVE ESPAGNOL S5
695405;07/12/2016;08:00;10:00;L1;LLCR;5;Examen;LVE ESPAGNOL S5;G;G3-1EQCL;UNIQUEMENT ETUDIANTS DISPENSES LVE ESPAGNOL S5
695509;07/12/2016;08:00;10:00;L1;LLCR;5;Examen;LVE ANGLAIS S5;B;B1-1;Non assidus uniquement
695509;07/12/2016;08:00;10:00;L1;LLCER;5;Examen;LVE ANGLAIS S5;B;B1-1;Non assidus uniquement
696171;01/12/2016;08:00;10:00;L1;GESTION;1;Examen;INTRODUCTION HISTORIQUE AU DROIT, A L'ECONOMIE ET A LA GESTION;A;AMPHIA3;L1EG: CONTROLE CONTINU ASSIDUS ET DISPENSES (1H) -
696171;01/12/2016;08:00;10:00;L1;GESTION;1;Examen;INTRODUCTION HISTORIQUE AU DROIT, A L'ECONOMIE ET A LA GESTION;A;AMPHIA1;L1EG: CONTROLE CONTINU ASSIDUS ET DISPENSES (1H) -
696570;07/12/2016;08:00;10:00;L1;LLCR;1;Examen;LVE ANGLAIS S1;G;G2-1EQ;UNIQUEMENT ETUDIANTS DISPENSES LVE ANGLAIS
696570;07/12/2016;08:00;10:00;L1;LA;1;Examen;LV ANGLAIS S1;G;G2-1EQ;UNIQUEMENT ETUDIANTS DISPENSES LVE ANGLAIS
696570;07/12/2016;08:00;10:00;L1;GEOGRAPHIE ET AMENAGEMENT;1;Examen;LVE ANGLAIS S1;G;G2-1EQ;UNIQUEMENT ETUDIANTS DISPENSES LVE ANGLAIS
696570;07/12/2016;08:00;10:00;L1;LEA;1;Examen;LV ANGLAIS 1;G;G2-1EQ;UNIQUEMENT ETUDIANTS DISPENSES LVE ANGLAIS
696570;07/12/2016;08:00;10:00;L1;LLF;1;Examen;LV ANGLAIS S1;G;G2-1EQ;UNIQUEMENT ETUDIANTS DISPENSES LVE ANGLAIS
696570;07/12/2016;08:00;10:00;L1;LLCER;1;Examen;LVE ANGLAIS S1;G;G2-1EQ;UNIQUEMENT ETUDIANTS DISPENSES LVE ANGLAIS
696570;07/12/2016;08:00;10:00;;;;Examen;LV ANGLAIS S1;G;G2-1EQ;UNIQUEMENT ETUDIANTS DISPENSES LVE ANGLAIS
696570;07/12/2016;08:00;10:00;L1;HISTOIRE;1;Examen;LVE ANGLAIS S1;G;G2-1EQ;UNIQUEMENT ETUDIANTS DISPENSES LVE ANGLAIS
714828;24/04/2017;09:00;10:00;L1;LLCE;2;Examen;UEPP  METIER PROF DES ECOLES  SAVOIRS MATHEMATIQUES FONDAMENTAUX - EC LIBRE;E;E1-1EQCL;Examen
714828;24/04/2017;09:00;10:00;L1;LLCE;6;Examen;UEPP  METIER PROF DES ECOLES  SAVOIRS MATHEMATIQUES FONDAMENTAUX - EC LIBRE;E;E1-1EQCL;Examen
714828;24/04/2017;09:00;10:00;L1;DROIT;6;Examen;UEPP  METIER PROF DES ECOLES  SAVOIRS MATHEMATIQUES FONDAMENTAUX - EC LIBRE;E;E1-1EQCL;Examen
714828;24/04/2017;09:00;10:00;L1;GEOGRAPHIE ET AMENAGEMENT;6;Examen;UEPP  METIER PROF DES ECOLES  SAVOIRS MATHEMATIQUES FONDAMENTAUX - EC LIBRE;E;E1-1EQCL;Examen
714828;24/04/2017;09:00;10:00;L1;LEA;6;Examen;UEPP  METIER PROF DES ECOLES  SAVOIRS MATHEMATIQUES FONDAMENTAUX - EC LIBRE;E;E1-1EQCL;Examen
714828;24/04/2017;09:00;10:00;L1;LEA;2;Examen;UEPP  METIER PROF DES ECOLES  SAVOIRS MATHEMATIQUES FONDAMENTAUX - EC LIBRE;E;E1-1EQCL;Examen
714828;24/04/2017;09:00;10:00;L1;LLCER;6;Examen;UEPP  METIER PROF DES ECOLES  SAVOIRS MATHEMATIQUES FONDAMENTAUX - EC LIBRE;E;E1-1EQCL;Examen
714828;24/04/2017;09:00;10:00;L1;LLCR;6;Examen;UEPP  METIER PROF DES ECOLES  SAVOIRS MATHEMATIQUES FONDAMENTAUX - EC LIBRE;E;E1-1EQCL;Examen
714828;24/04/2017;09:00;10:00;L1;GEOGRAPHIE ET AMENAGEMENT;2;Examen;UEPP  METIER PROF DES ECOLES  SAVOIRS MATHEMATIQUES FONDAMENTAUX - EC LIBRE;E;E1-1EQCL;Examen
714828;24/04/2017;09:00;10:00;L1;LLCER;2;Examen;UEPP  METIER PROF DES ECOLES  SAVOIRS MATHEMATIQUES FONDAMENTAUX - EC LIBRE;E;E1-1EQCL;Examen
714828;24/04/2017;09:00;10:00;L1;EO;6;Examen;UEPP  METIER PROF DES ECOLES  SAVOIRS MATHEMATIQUES FONDAMENTAUX - EC LIBRE;E;E1-1EQCL;Examen
714828;24/04/2017;09:00;10:00;L1;LLF;2;Examen;UEPP  METIER PROF DES ECOLES  SAVOIRS MATHEMATIQUES FONDAMENTAUX - EC LIBRE;E;E1-1EQCL;Examen
714828;24/04/2017;09:00;10:00;;;;Examen;UEPP  METIER PROF DES ECOLES  SAVOIRS MATHEMATIQUES FONDAMENTAUX - EC LIBRE;E;E1-1EQCL;Examen
714828;24/04/2017;09:00;10:00;L1;EO;2;Examen;UEPP  METIER PROF DES ECOLES  SAVOIRS MATHEMATIQUES FONDAMENTAUX - EC LIBRE;E;E1-1EQCL;Examen
714828;24/04/2017;09:00;10:00;L1;LLCR;2;Examen;UEPP  METIER PROF DES ECOLES  SAVOIRS MATHEMATIQUES FONDAMENTAUX - EC LIBRE;E;E1-1EQCL;Examen
714828;24/04/2017;09:00;10:00;L1;LA;6;Examen;UEPP  METIER PROF DES ECOLES  SAVOIRS MATHEMATIQUES FONDAMENTAUX - EC LIBRE;E;E1-1EQCL;Examen
714828;24/04/2017;09:00;10:00;L1;HISTOIRE;6;Examen;UEPP  METIER PROF DES ECOLES  SAVOIRS MATHEMATIQUES FONDAMENTAUX - EC LIBRE;E;E1-1EQCL;Examen
714828;24/04/2017;09:00;10:00;L1;LLF;6;Examen;UEPP  METIER PROF DES ECOLES  SAVOIRS MATHEMATIQUES FONDAMENTAUX - EC LIBRE;E;E1-1EQCL;Examen
714828;24/04/2017;09:00;10:00;L1;HISTOIRE;2;Examen;UEPP  METIER PROF DES ECOLES  SAVOIRS MATHEMATIQUES FONDAMENTAUX - EC LIBRE;E;E1-1EQCL;Examen
714828;24/04/2017;09:00;10:00;L1;GESTION;2;Examen;UEPP  METIER PROF DES ECOLES  SAVOIRS MATHEMATIQUES FONDAMENTAUX - EC LIBRE;E;E1-1EQCL;Examen
714828;24/04/2017;09:00;10:00;L1;DROIT;2;Examen;UEPP  METIER PROF DES ECOLES  SAVOIRS MATHEMATIQUES FONDAMENTAUX - EC LIBRE;E;E1-1EQCL;Examen
714828;24/04/2017;09:00;10:00;L1;LA;2;Examen;UEPP  METIER PROF DES ECOLES  SAVOIRS MATHEMATIQUES FONDAMENTAUX - EC LIBRE;E;E1-1EQCL;Examen
714828;24/04/2017;09:00;10:00;L1;GESTION;6;Examen;UEPP  METIER PROF DES ECOLES  SAVOIRS MATHEMATIQUES FONDAMENTAUX - EC LIBRE;E;E1-1EQCL;Examen
693286;07/12/2016;09:15;10:15;M2;PE;1;Examen;LVE ANGLAIS;IUA;IUFM_REUN;"CC +ET	"
693286;07/12/2016;09:15;10:15;;;;Examen;LVE ANGLAIS;IUA;IUFM_REUN;"CC +ET	"
693286;07/12/2016;09:15;10:15;M2;MEEF Primaire;1;Examen;LVE ANGLAIS;IUA;IUFM_REUN;"CC +ET	"
704129;06/12/2016;09:15;10:15;M2;PAPC1;3;Examen;LVE ANGLAIS;IUA;IUFM_REUN;Examen CC + ET
691842;25/11/2016;07:30;10:30;L1;MATHS;3;Examen;Séries et intégration;E;E4-1EQCL;Examen
692072;10/12/2016;07:30;10:30;M2;Droit des activités économiques;1;Examen;METHODOLOGIE INITIATION A LA RECHERCHE;G;G1-1EQ;M1 DAE: ET ASSIDUS + DISPENSES
692072;10/12/2016;07:30;10:30;M2;Droit;1;Examen;METHODOLOGIE INITIATION A LA RECHERCHE;G;G1-1EQ;M1 DAE: ET ASSIDUS + DISPENSES
692706;06/12/2016;07:30;10:30;L1;DROIT;1;Examen;DROIT CIVIL (les personnes);A;AMPHIA1;CONTROLE CONTINU ASSIDUS ET DISPENSES
692795;08/12/2016;09:00;10:30;L1;PC;5;Examen;Statistiques pour les Sciences Physiques;G;G3-3EQ;Examen
692810;09/12/2016;09:00;10:30;L1;PC;3;Examen;Thermodynamique 1;A;A3-1EQ;CC THERMODYNAMQUE  1
692903;08/12/2016;09:00;10:30;L1;LA;5;Examen;LANGUE ET CULTURE LATINES S5;A;A3-1EQ;LANG ET CULT LAT S5
693102;05/01/2017;09:00;10:30;L1;DROIT;3;Examen;HISTOIRE DES IDEES POLITIQUES;A;AMPHIA2;L2 DROIT: ET ASSIDUS + DISPENSES - Tiers-temps - 
693233;06/12/2016;09:00;10:30;L1;INFO;3;Examen;Base de donées : Initiation;G;G2-1EQ;BD DE DONNEES: Initiation S3
693233;06/12/2016;09:00;10:30;L1;MATHS;3;Examen;Bases de données : Initiation;G;G2-1EQ;BD DE DONNEES: Initiation S3
693664;02/12/2016;09:00;10:30;L1;SVT;3;Examen;Ecologie Générale;G;G3-3EQ;Examen ecologie UNIQUEMENT DISPENSES
693664;02/12/2016;09:00;10:30;L1;EO;3;Examen;Ecologie générale;G;G3-3EQ;Examen ecologie UNIQUEMENT DISPENSES
693672;05/12/2016;09:00;10:30;M2;PAPC1;3;Examen;SCIENCES & TECHNOLOGIES;IUA;IUFM_REUN;Examen
693672;05/12/2016;09:00;10:30;M2;MEEF Primaire;1;Examen;SCIENCES ET TECHNOLOGIES;IUA;IUFM_REUN;Examen
693672;05/12/2016;09:00;10:30;M2;MEEF Primaire;3;Examen;SCIENCES & TECHNOLOGIES;IUA;IUFM_REUN;Examen
693672;05/12/2016;09:00;10:30;M2;PE;1;Examen;SCIENCES ET TECHNOLOGIES;IUA;IUFM_REUN;Examen
693990;10/12/2016;07:30;10:30;M2;Droit;3;Examen;DROIT DES TRANSPORTS AERIENS ET MARITIMES;F;F3-1EQ;M2 DAE: ET ASSIDUS + DISPENSES - Tiers-temps - Du
693990;10/12/2016;07:30;10:30;M2;Droit des activités économiques;3;Examen;DROIT DES TRANSPORTS AERIENS ET MARITIMES;F;F3-1EQ;M2 DAE: ET ASSIDUS + DISPENSES - Tiers-temps - Du
695468;05/12/2016;09:00;10:30;L1;DROIT;5;Examen;DROIT ADMINISTRATIF DES BIENS;G;G3-1EQCL;L3 DROIT: ET ASSIDUS + DISPENSES
695524;02/12/2016;08:30;10:30;L1;LLCER;1;Examen;LANGUES ET CULTURES POLYNESIENNES S1;G;G3-1EQCL;UNIQUEMENT DISPENSES
695524;02/12/2016;08:30;10:30;L1;GEOGRAPHIE ET AMENAGEMENT;1;Examen;Langues et cultures polynésiennes;G;G3-1EQCL;UNIQUEMENT DISPENSES
695524;02/12/2016;08:30;10:30;L1;LLCR;1;Examen;LANGUES ET CULTURES POLYNESIENNES;G;G3-1EQCL;UNIQUEMENT DISPENSES
695524;02/12/2016;08:30;10:30;;;;Examen;LANGUES ET CULTURES POLYNESIENNES;G;G3-1EQCL;UNIQUEMENT DISPENSES
695524;02/12/2016;08:30;10:30;L1;LLCER;1;Examen;LANGUES ET CULTURES POLYNESIENNES;G;G3-1EQCL;UNIQUEMENT DISPENSES
695524;02/12/2016;08:30;10:30;L1;LLF;1;Examen;LANGUES ET CULTURES POLYNESIENNES;G;G3-1EQCL;UNIQUEMENT DISPENSES
695524;02/12/2016;08:30;10:30;L1;LA;1;Examen;LANGUES ET CULTURES POLYNESIENNES;G;G3-1EQCL;UNIQUEMENT DISPENSES
695524;02/12/2016;08:30;10:30;L1;LLCE;1;Examen;LANGUES ET CULTURES POLYNESIENNES S1;G;G3-1EQCL;UNIQUEMENT DISPENSES
695524;02/12/2016;08:30;10:30;L1;HISTOIRE;1;Examen;Langues et cultures polynésiennes;G;G3-1EQCL;UNIQUEMENT DISPENSES
695524;02/12/2016;08:30;10:30;L1;LEA;1;Examen;LANGUES ET CULTURES POLYNESIENNES;G;G3-1EQCL;UNIQUEMENT DISPENSES
700463;07/12/2016;09:00;10:30;L1;SVT;5;Examen;Chimie;G;G2-2EQ;ASSIDUS ET NON ASSIDUS
717580;19/04/2017;09:00;10:30;L1;DROIT;6;Examen;DROIT FISCAL;A;AMPHIA2;Examen Anticipé - 
717688;27/04/2017;07:30;10:30;L1;DROIT;4;Examen;DROIT ADMINISTRATIF 2;A;AMPHIA3;ET - Tiers-temps en B1-1 - Durée de l'épreuve 4h
717772;18/04/2017;09:00;10:30;L1;LA;4;Examen;LANGUE ET CULTURE LATINES S4;G;G1-1EQ;CC2 + ET LANGUES ET CULTURES LATINES S4
717797;26/04/2017;09:00;10:30;L1;DROIT;6;Examen;DROIT JURIDICTIONNEL PUBLIC;A;AMPHIA2;ET - 
693625;07/12/2016;09:15;10:45;M2;PAPC2;3;Examen;LETTRES;IUB;IUFM_B21;CC +ET
693625;07/12/2016;09:15;10:45;M2;MEEF Secondaire;3;Examen;LETTRES;IUB;IUFM_B21;CC +ET
692475;02/12/2016;08:00;11:00;L1;GESTION;5;Examen;ECONOMIE INTERNATIONALE;A;AMPHIA1;L3EG:CONTROLE CONTINU ASSIDUS ET DISPENSES-ECONOMI
692683;07/12/2016;09:00;11:00;M2;Tahitien-Lettres;1;Examen;EPISTEMOLOGIE ET HISTOIRE DE LA DISCIPLINE (1) (TAHITIEN);IUB;IUFM_B01;CC+ET
692683;07/12/2016;09:00;11:00;M2;MEEF Secondaire;1;Examen;EPISTEMOLOGIE ET HISTOIRE DE LA DISCIPLINE (1) (TAHITIEN);IUB;IUFM_B01;CC+ET
694255;03/12/2016;09:00;11:00;L1;LEA;1;Examen;LV Mandarin 1;G;G1-1EQ;UNIQUEMENT DISPENSES G1-1 + G2-1 + G3-1
694255;03/12/2016;09:00;11:00;L1;LLCER;5;Examen; LV MANDARIN S5;G;G2-1EQ;UNIQUEMENT DISPENSES G1-1 + G2-1 + G3-1
694255;03/12/2016;09:00;11:00;L1;LLCE;5;Examen; LV MANDARIN S5;G;G2-1EQ;UNIQUEMENT DISPENSES G1-1 + G2-1 + G3-1
694255;03/12/2016;09:00;11:00;L1;LLCE;5;Examen; LV MANDARIN S5;G;G1-1EQ;UNIQUEMENT DISPENSES G1-1 + G2-1 + G3-1
694255;03/12/2016;09:00;11:00;L1;LLCE;1;Examen;LV MANDARIN S1;G;G1-1EQ;UNIQUEMENT DISPENSES G1-1 + G2-1 + G3-1
694255;03/12/2016;09:00;11:00;L1;LLCR;5;Examen;LVE MANDARIN S5;G;G2-1EQ;UNIQUEMENT DISPENSES G1-1 + G2-1 + G3-1
694255;03/12/2016;09:00;11:00;L1;LA;1;Examen;LV MANDARIN S1;G;G2-1EQ;UNIQUEMENT DISPENSES G1-1 + G2-1 + G3-1
694255;03/12/2016;09:00;11:00;L1;LA;5;Examen;LANGUE VIVANTE : MANDARIN S5;G;G1-1EQ;UNIQUEMENT DISPENSES G1-1 + G2-1 + G3-1
694255;03/12/2016;09:00;11:00;L1;LLCR;1;Examen;LVE MANDARIN S1;G;G1-1EQ;UNIQUEMENT DISPENSES G1-1 + G2-1 + G3-1
694255;03/12/2016;09:00;11:00;L1;GESTION;1;Examen;MANDARIN;G;G2-1EQ;UNIQUEMENT DISPENSES G1-1 + G2-1 + G3-1
694255;03/12/2016;09:00;11:00;M2;Droit;3;Examen;MANDARIN;G;G2-1EQ;UNIQUEMENT DISPENSES G1-1 + G2-1 + G3-1
694255;03/12/2016;09:00;11:00;M2;Droit des activités économiques;3;Examen;MANDARIN;G;G2-1EQ;UNIQUEMENT DISPENSES G1-1 + G2-1 + G3-1
694255;03/12/2016;09:00;11:00;;;;Examen;LV MANDARIN S1;G;G1-1EQ;UNIQUEMENT DISPENSES G1-1 + G2-1 + G3-1
694255;03/12/2016;09:00;11:00;L1;GESTION;5;Examen;MANDARIN;G;G1-1EQ;UNIQUEMENT DISPENSES G1-1 + G2-1 + G3-1
694255;03/12/2016;09:00;11:00;;;;Examen;LV MANDARIN S1;G;G2-1EQ;UNIQUEMENT DISPENSES G1-1 + G2-1 + G3-1
694255;03/12/2016;09:00;11:00;L1;GESTION;3;Examen;MANDARIN;G;G1-1EQ;UNIQUEMENT DISPENSES G1-1 + G2-1 + G3-1
694255;03/12/2016;09:00;11:00;L1;LLCER;1;Examen;LV MANDARIN S1;G;G2-1EQ;UNIQUEMENT DISPENSES G1-1 + G2-1 + G3-1
694255;03/12/2016;09:00;11:00;L1;HISTOIRE;1;Examen;LVE Mandarin S1;G;G2-1EQ;UNIQUEMENT DISPENSES G1-1 + G2-1 + G3-1
694255;03/12/2016;09:00;11:00;L1;LLCE;1;Examen;LV MANDARIN S1;G;G2-1EQ;UNIQUEMENT DISPENSES G1-1 + G2-1 + G3-1
694255;03/12/2016;09:00;11:00;L1;GESTION;1;Examen;MANDARIN;G;G1-1EQ;UNIQUEMENT DISPENSES G1-1 + G2-1 + G3-1
694255;03/12/2016;09:00;11:00;M2;Droit des activités économiques;3;Examen;MANDARIN;G;G1-1EQ;UNIQUEMENT DISPENSES G1-1 + G2-1 + G3-1
694255;03/12/2016;09:00;11:00;L1;LEA;1;Examen;LV Mandarin 1;G;G2-1EQ;UNIQUEMENT DISPENSES G1-1 + G2-1 + G3-1
694255;03/12/2016;09:00;11:00;L1;GEOGRAPHIE ET AMENAGEMENT;1;Examen;LVE Mandarin S1;G;G1-1EQ;UNIQUEMENT DISPENSES G1-1 + G2-1 + G3-1
694255;03/12/2016;09:00;11:00;M2;MANAGEMENT;3;Examen;MANDARIN;G;G2-1EQ;UNIQUEMENT DISPENSES G1-1 + G2-1 + G3-1
694255;03/12/2016;09:00;11:00;M2;MANAGEMENT;3;Examen;MANDARIN;G;G1-1EQ;UNIQUEMENT DISPENSES G1-1 + G2-1 + G3-1
694255;03/12/2016;09:00;11:00;L1;LA;5;Examen;LANGUE VIVANTE : MANDARIN S5;G;G2-1EQ;UNIQUEMENT DISPENSES G1-1 + G2-1 + G3-1
694255;03/12/2016;09:00;11:00;M2;Droit;1;Examen;MANDARIN;G;G1-1EQ;UNIQUEMENT DISPENSES G1-1 + G2-1 + G3-1
694255;03/12/2016;09:00;11:00;L1;LLCER;5;Examen;LVE MANDARIN S5;G;G1-1EQ;UNIQUEMENT DISPENSES G1-1 + G2-1 + G3-1
694255;03/12/2016;09:00;11:00;L1;LLCER;1;Examen;LVE MANDARIN S1;G;G1-1EQ;UNIQUEMENT DISPENSES G1-1 + G2-1 + G3-1
694255;03/12/2016;09:00;11:00;L1;LA;1;Examen;LV MANDARIN S1;G;G1-1EQ;UNIQUEMENT DISPENSES G1-1 + G2-1 + G3-1
694255;03/12/2016;09:00;11:00;M2;MANAGEMENT;1;Examen;MANDARIN;G;G1-1EQ;UNIQUEMENT DISPENSES G1-1 + G2-1 + G3-1
694255;03/12/2016;09:00;11:00;L1;LLCER;5;Examen; LV MANDARIN S5;G;G1-1EQ;UNIQUEMENT DISPENSES G1-1 + G2-1 + G3-1
694255;03/12/2016;09:00;11:00;L1;HISTOIRE;1;Examen;LVE Mandarin S1;G;G1-1EQ;UNIQUEMENT DISPENSES G1-1 + G2-1 + G3-1
694255;03/12/2016;09:00;11:00;M2;Droit;1;Examen;MANDARIN;G;G2-1EQ;UNIQUEMENT DISPENSES G1-1 + G2-1 + G3-1
694255;03/12/2016;09:00;11:00;L1;LLCR;5;Examen;LVE MANDARIN S5;G;G1-1EQ;UNIQUEMENT DISPENSES G1-1 + G2-1 + G3-1
694255;03/12/2016;09:00;11:00;L1;GEOGRAPHIE ET AMENAGEMENT;1;Examen;LVE Mandarin S1;G;G2-1EQ;UNIQUEMENT DISPENSES G1-1 + G2-1 + G3-1
694255;03/12/2016;09:00;11:00;M2;MANAGEMENT;1;Examen;MANDARIN;G;G2-1EQ;UNIQUEMENT DISPENSES G1-1 + G2-1 + G3-1
694255;03/12/2016;09:00;11:00;L1;GESTION;3;Examen;MANDARIN;G;G2-1EQ;UNIQUEMENT DISPENSES G1-1 + G2-1 + G3-1
694255;03/12/2016;09:00;11:00;M2;Droit des activités économiques;1;Examen;MANDARIN;G;G2-1EQ;UNIQUEMENT DISPENSES G1-1 + G2-1 + G3-1
694255;03/12/2016;09:00;11:00;L1;LLCER;5;Examen;LVE MANDARIN S5;G;G2-1EQ;UNIQUEMENT DISPENSES G1-1 + G2-1 + G3-1
694255;03/12/2016;09:00;11:00;M2;Droit;3;Examen;MANDARIN;G;G1-1EQ;UNIQUEMENT DISPENSES G1-1 + G2-1 + G3-1
694255;03/12/2016;09:00;11:00;L1;LLCER;1;Examen;LVE MANDARIN S1;G;G2-1EQ;UNIQUEMENT DISPENSES G1-1 + G2-1 + G3-1
694255;03/12/2016;09:00;11:00;L1;LLCR;1;Examen;LVE MANDARIN S1;G;G2-1EQ;UNIQUEMENT DISPENSES G1-1 + G2-1 + G3-1
694255;03/12/2016;09:00;11:00;L1;GESTION;5;Examen;MANDARIN;G;G2-1EQ;UNIQUEMENT DISPENSES G1-1 + G2-1 + G3-1
694255;03/12/2016;09:00;11:00;L1;LLCER;1;Examen;LV MANDARIN S1;G;G1-1EQ;UNIQUEMENT DISPENSES G1-1 + G2-1 + G3-1
694255;03/12/2016;09:00;11:00;M2;Droit des activités économiques;1;Examen;MANDARIN;G;G1-1EQ;UNIQUEMENT DISPENSES G1-1 + G2-1 + G3-1
695413;09/12/2016;09:00;11:00;L1;LLCR;3;Examen;FRANCAIS METHODOLOGIE (POUR CONCOURS);G;G3-1EQCL;Assidus et non assidus
695413;09/12/2016;09:00;11:00;L1;LLCER;3;Examen;FRANCAIS METHODOLOGIE (POUR CONCOURS);G;G3-1EQCL;Assidus et non assidus
702118;07/12/2016;10:00;11:00;M2;MANAGEMENT;3;Examen;ANGLAIS;G;G3-3EQ;M2 Management - ORALUniquement les dispensés
708385;08/12/2016;10:30;11:00;M2;Tahitien-Lettres;1;Examen;DIDACTIQUE APPLIQUEE A LA DISCIPLINE (1) (TAHITIEN);IUB;IUFM_B03;CC+ET
708385;08/12/2016;10:30;11:00;M2;MEEF Secondaire;1;Examen;DIDACTIQUE APPLIQUEE A LA DISCIPLINE (1) (TAHITIEN);IUB;IUFM_B03;CC+ET
717691;25/04/2017;08:00;11:00;L1;DROIT;4;Examen;DROIT CIVIL (les obligations 2);A;AMPHIA1;ET -Tiers - temps en B1-1 - Durée de l'épreuve 4
691414;09/12/2016;09:00;11:15;PACES0;PACES;1;Examen;SANTE, SOCIETE, HUMANITE  (Médecine);A;AMPHIA1;PACES1-UE7: Santé, Société, humanité
691414;09/12/2016;09:00;11:15;;;;Examen;SANTE, SOCIETE, HUMANITE  (Médecine);A;AMPHIA1;PACES1-UE7: Santé, Société, humanité
691407;05/12/2016;10:30;11:30;PACES0;PACES;1;Examen;ATOMES ET BIOMOLECULES : CHIMIE PHYSIQUE ET ORGANIQUE (MEDECINE);A;AMPHIA1; PACES1-UE1A: Atomes-Biomolécules-Bioénergétique
691412;08/12/2016;10:30;11:30;PACES0;PACES;1;Examen;EVALUATION DES METHODES D ANALYSE APPLIQUEE AUX SCIENCES DE LA VIE ET DE LA SANTE (Médecine);A;AMPHIA1;PACES1-UE4:  Eval.des méth.d'anal.apliquées
691412;08/12/2016;10:30;11:30;;;;Examen;EVALUATION DES METHODES D ANALYSE APPLIQUEE AUX SCIENCES DE LA VIE ET DE LA SANTE (Médecine);A;AMPHIA1;PACES1-UE4:  Eval.des méth.d'anal.apliquées
692667;09/12/2016;08:30;11:30;M2;Anglais;1;Examen;STAGE D'OBSERVATION ET DE PRATIQUE ACCOMPAGNEE 1 ;IUB;IUFM_B11;ET dispensés d'assiduité par ordre alphabétique 
692667;09/12/2016;08:30;11:30;M2;MEEF Secondaire;1;Examen;STAGE D'OBSERVATION ET DE PRATIQUE ACCOMPAGNEE 1 ;IUB;IUFM_B11;ET dispensés d'assiduité par ordre alphabétique 
692667;09/12/2016;08:30;11:30;M2;Anglais;1;Examen;STAGE D'OBSERVATION ET DE PRATIQUE ACCOMPAGNEE 1 ;IUA;TP1;ET dispensés d'assiduité par ordre alphabétique 
692667;09/12/2016;08:30;11:30;M2;MEEF Secondaire;1;Examen;STAGE D'OBSERVATION ET DE PRATIQUE ACCOMPAGNEE 1 ;IUA;TP1;ET dispensés d'assiduité par ordre alphabétique 
693636;06/12/2016;10:30;11:30;M2;PAPC1;3;Examen;LE CONTEXTE POLYNESIEN;IUA;IUFM_REUN;ET
693823;07/12/2016;10:30;11:30;L1;SVT;5;Examen;Biochimie;G;G2-2EQ;ASSIDUS ET NON ASSIDUS
694784;05/01/2017;10:00;11:30;L1;PC;5;Examen;Physique Moderne ;B;B1-1;uniquement dispensé Physique moderne s5
689761;01/12/2016;10:30;12:00;L1;GESTION;5;Examen;FISCALITE DES ENTREPRISES;A;AMPHIA1;CONTROLE CONTINU ASSIDUS ET DISPENSES
689774;07/12/2016;10:30;12:00;L1;LA;3;Examen;LANGUE ET CULTURES LATINES S3;A;A3-1EQ;Langue et culture latines S3
690432;01/12/2016;10:00;12:00;L1;LLCE;5;Examen;PRATIQUE DE LA LANGUE DE COMMUNICATION ORALE 5 S5;E;LABO-LV;UNIQUEMENT ETUDIANTS DISPENSES
690432;01/12/2016;10:00;12:00;L1;LLCER;5;Examen;PRATIQUE DE LA LANGUE DE COMMUNICATION ORALE 5 S5;E;LABO-LV;UNIQUEMENT ETUDIANTS DISPENSES
691231;02/12/2016;09:00;12:00;L1;DROIT;1;Examen;DROIT CONSTITUTIONNEL 1;B;B1-5EQ;L1DROIT: UNIQUEMENT LES DISPENSES
691411;07/12/2016;10:00;12:00;PACES0;PACES;1;Examen;ORGANISATION DES APPAREILS ET DES SYSTEMES : BASES PHYSIQUES DES METHODES D'EXPLORATION (MEDECINE);A;AMPHIA1;PACES1-UE3A: Org.des appareils & des syst.
691909;08/12/2016;09:00;12:00;L1;INFO;3;Examen;Programmation C Avancée;B;B2-4-TP;Examen
692544;06/01/2017;10:30;12:00;L1;PC;5;Examen;Mécanique 5;B;B1-1;uniquement dispenses
692791;06/12/2016;10:30;12:00;L1;PC;5;Examen;Electromagnétisme 5;B;B1-1;UNIQUEMENT DISPENSES
692811;09/12/2016;10:30;12:00;L1;PC;5;Examen;Thermodynamique 3;A;A3-1EQ;Examen
692889;05/12/2016;09:00;12:00;L1;LA;1;Examen;LITTERATURE FRANCAISE DU 19EME SIECLE;E;E1-1EQCL;LITTERATURE FRANCAISE DU 19E S
692890;06/12/2016;09:00;12:00;L1;LA;1;Examen;DRAMATURGIE ANTIQUE  S1;E;E1-1EQCL;DRAMATURGIE ANTIQUE S1
692890;06/12/2016;09:00;12:00;L1;LLF;1;Examen;DRAMATURGIE ANTIQUE  S1;E;E1-1EQCL;DRAMATURGIE ANTIQUE S1
692892;09/12/2016;10:00;12:00;L1;LA;1;Examen;GRAMMAIRE S1;E;E1-1EQCL;GRAMMAIRE S1
692893;01/12/2016;09:00;12:00;L1;LA;3;Examen;POETIQUE APPLIQUEE AUX MEDIAS S3;B;B1-4EQ;POETIQUE APPLIQUEE MEDIAS S3
692899;02/12/2016;09:00;12:00;L1;LA;5;Examen;CRITIQUE LITTERAIRE S5;E;E3-2EQ;CRITIQUE LITTE S5
692900;05/12/2016;08:00;12:00;L1;LA;5;Examen;LITTERATURE GENERALE & COMPAREE S5;A;A1-1EQ-U;LITTE GENE&COMPA S5
692901;06/12/2016;09:00;12:00;L1;LA;5;Examen;HISTOIRE ET THEORIE DU CINEMA S5;E;E4-2EQ;HISTOIRE ET THEORI DU CINE S5
692999;22/11/2016;10:00;12:00;L1;DROIT;5;Examen;DROIT INTERNATIONAL PRIVE;A;AMPHIA2;L3 DROIT: Examen Anticipé ASSIDUS + DISPENSES - 
693010;07/12/2016;10:00;12:00;M2;PAPC1;3;Examen;EDUCATION MUSICALE;IUB;IUFM_B04;ET des dispensés d'assiduitéSalle de préparation 
693010;07/12/2016;10:00;12:00;M2;MEEF Primaire;3;Examen;EDUCATION MUSICALE;IUB;IUFM_B05;ET des dispensés d'assiduitéSalle de préparation 
693010;07/12/2016;10:00;12:00;M2;PAPC1;3;Examen;EDUCATION MUSICALE;IUB;IUFM_B05;ET des dispensés d'assiduitéSalle de préparation 
693010;07/12/2016;10:00;12:00;M2;MEEF Primaire;3;Examen;EDUCATION MUSICALE;IUB;IUFM_B04;ET des dispensés d'assiduitéSalle de préparation 
693058;06/12/2016;10:30;12:00;L1;GESTION;5;Examen;COMPTABILITE APPROFONDIE;A;AMPHIA3;L3EG: CONTROLE CONTINU ASSIDUS ET DISPENSES
693096;23/11/2016;10:30;12:00;L1;DROIT;5;Examen;DROIT INTERNATIONAL PUBLIC;A;AMPHIA2;Examen Anticipé  ASSIDUS + DISPENSES
693239;06/12/2016;10:30;12:00;L1;INFO;3;Examen;Base de données : Conception, modélisation;G;G2-1EQ;BASE DE DONNES: Conception, modélisation S3
693282;05/12/2016;11:00;12:00;M2;PAPC1;3;Examen;HG EDUC. MORAL & CIVIQUE;IUA;IUFM_REUN;Examen CC +ET
693282;05/12/2016;11:00;12:00;M2;MEEF Primaire;3;Examen;HG EDUC. MORAL & CIVIQUE;IUA;IUFM_REUN;Examen CC +ET
693285;05/12/2016;11:00;12:00;M2;PE;1;Examen;EPS;IUB;IUFM_B21;Examen
693285;05/12/2016;11:00;12:00;M2;MEEF Primaire;1;Examen;EPS;IUB;IUFM_B26;Examen
693285;05/12/2016;11:00;12:00;M2;PE;1;Examen;EPS;IUB;IUFM_B26;Examen
693285;05/12/2016;11:00;12:00;M2;MEEF Primaire;1;Examen;EPS;IUB;IUFM_B21;Examen
693665;08/12/2016;10:30;12:00;L1;SVT;3;Examen;Botanique;E;E2-1EQCL;Examen
693665;08/12/2016;10:30;12:00;L1;EO;3;Examen;Botanique;E;E2-1EQCL;Examen
693821;06/12/2016;10:00;12:00;L1;SVT;5;Examen;Physiologie des grandes fonctions;G;G2-2EQ;ASSIDUS ET NON ASSIDUS
693822;09/12/2016;10:00;12:00;L1;SVT;5;Examen;Métabolisme;E;E2-1EQCL;ASSIDUS ET NON ASSIDUS
693912;06/12/2016;09:00;12:00;M2;MEEF Secondaire;3;Examen;CDPC2 (1)-HISTOIRE GEOGRAPHIE;IUB;IUFM_B04;ET des dispensés d'assiduité
693912;06/12/2016;09:00;12:00;M2;PAPC2;3;Examen;CDPC2 (1)-HISTOIRE GEOGRAPHIE;IUB;IUFM_B04;ET des dispensés d'assiduité
694241;10/12/2016;09:00;12:00;L1;DROIT;1;Examen;METHODOLOGIE DU TRAVAIL UNIVERSITAIRE;G;G2-2EQ;Uniquement les dispensés - A.POISSON
694259;02/12/2016;09:00;12:00;L1;LLCE;5;Examen;LITTERATURE BRITANNIQUE 2 S5;E;E4-1EQCL;CC2 + ET
694259;02/12/2016;09:00;12:00;L1;LLCER;5;Examen;LITTERATURE BRITANNIQUE 2 S5;E;E4-1EQCL;CC2 + ET
694802;10/04/2017;10:00;12:00;L1;GESTION;4;Examen;EXPRESSION ECRITE & CERTIFICATION VOLTAIRE - EG;A;AMPHIA1;Examen
694872;08/11/2016;10:30;12:00;L1;MATHS;5;Examen;Compléments de probabilités;F;F3-1EQ;Examen
695525;05/12/2016;08:00;12:00;L1;LLCR;5;Examen;CIVILISATION OCEANIENNE;CHE;CHE2;Assidus et non assidus
695525;05/12/2016;08:00;12:00;L1;LLCER;5;Examen;CIVILISATION OCEANIENNE;CHE;CHE2;Assidus et non assidus
696492;22/11/2016;10:00;12:00;M2;EIO;3;Examen;Climatologie du Pacifique;B;B1-1;Examen
696571;06/12/2016;10:30;12:00;L1;GESTION;1;Examen;ANGLAIS 1;G;G3-2EQCL;L1EG: ET - Uniquement les dispensés
696639;25/11/2016;10:00;12:00;M2;EIO;3;Examen;Environnement lagonaire et océanique;B;B1-1;Examen
704190;08/12/2016;10:30;12:00;M2;PAPC1;3;Examen;LCP;IUA;IUFM_REUN;ET des dispensés d'assiduité
714138;05/12/2016;08:00;12:00;M2;MEEF Secondaire;1;Examen;LANGUES POLYNESIENNES. EXPRESSION ECRITE;IUA;TP1;CC2+ET
714138;05/12/2016;08:00;12:00;M2;Tahitien-Lettres;1;Examen;LANGUES POLYNESIENNES. EXPRESSION ECRITE;IUA;TP1;CC2+ET
714969;08/12/2016;08:00;12:00;M2;PAPC2;3;Examen;CDPC2 (1)-LETTRES;IUA;TP1;CC+ ET assidus et dispensés d'assiduité LETTRES
714969;08/12/2016;08:00;12:00;M2;MEEF Secondaire;3;Examen;CDPC2 (1)-LETTRES;IUA;TP1;CC+ ET assidus et dispensés d'assiduité LETTRES
715726;09/12/2016;10:30;12:00;L1;LA;5;Examen;ATELIER D'ECRITURE : LE SCENARIO;E;E4-1EQCL;DATE LIMITE POUR RENDRE LE PROJET DIRECTEMENT A L'
715726;09/12/2016;10:30;12:00;L1;LA;5;Examen;PRATIQUE FILMIQUE S5;E;E4-1EQCL;DATE LIMITE POUR RENDRE LE PROJET DIRECTEMENT A L'
717586;18/04/2017;10:00;12:00;L1;GESTION;2;Examen;COMPTABILITE FINANCIERE;A;AMPHIA1;CC + ET - Tiers-temps - Durée de l'épreuve 2h40 
717586;18/04/2017;10:00;12:00;L1;GESTION;2;Examen;COMPTABILITE FINANCIERE;A;AMPHIA3;CC + ET - Tiers-temps - Durée de l'épreuve 2h40 
717598;28/04/2017;09:00;12:00;L1;DROIT;2;Examen;DROIT CIVIL(la famille);A;AMPHIA1;CC + ET -
717696;18/04/2017;10:30;12:00;L1;LA;2;Examen;LANGUES ET CULTURES LATINES S2;G;G3-1EQCL;CC2 + ET LANGUES ET CULTURES LATINES S2
717778;19/04/2017;10:30;12:00;L1;LA;6;Examen;LANGUE ET CULTURE LATINES S6;B;B1-4EQ;CC2+ ET LANGUES ET CULTURES LATINES S6
717796;28/04/2017;09:00;12:00;L1;DROIT;6;Examen;LIBERTES FONDAMENTALES;A;AMPHIA2;CC + ET - 
717800;18/04/2017;10:00;12:00;L1;DROIT;6;Examen;CONTRATS SPECIAUX;A;AMPHIA2;Examen Anticipé - 
689851;10/11/2016;11:00;12:30;L1;LA;3;Examen;PLURILINGUISME ET APPRENTISSAGE DES LANGUES S3;G;G3-1EQCL;Examen
689851;10/11/2016;11:00;12:30;L1;LLCER;3;Examen;PLURILINGUISME ET APPRENTISSAGE DES LANGUES S3;G;G3-1EQCL;Examen
689851;10/11/2016;11:00;12:30;L1;LLCE;3;Examen;PLURILINGUISME ET APPRENTISSAGE DES LANGUES S3;G;G3-1EQCL;Examen
691203;07/12/2016;10:30;12:30;L1;MATHS;1;Examen;Expression Ecrite et Orale;A;AMPHIA3;EXPRESSION ECRITE ET ORALE S1 L1 SCIENCES
691203;07/12/2016;10:30;12:30;L1;SVT;1;Examen;Expression Ecrite et Orale;A;AMPHIA3;EXPRESSION ECRITE ET ORALE S1 L1 SCIENCES
691203;07/12/2016;10:30;12:30;L1;PC;1;Examen;Expression Ecrite et Orale;A;AMPHIA3;EXPRESSION ECRITE ET ORALE S1 L1 SCIENCES
691203;07/12/2016;10:30;12:30;L1;INFO;1;Examen;Expression Ecrite et Orale;A;AMPHIA3;EXPRESSION ECRITE ET ORALE S1 L1 SCIENCES
691793;30/11/2016;11:00;12:30;L1;GESTION;1;Examen;INTRODUCTION GENERALE AU DROIT;A;AMPHIA1;L1EG: CONTROLE CONTINU ASSIDUS ET DISPENSES - Duré
712692;09/12/2016;10:30;12:30;L1;SVT;1;Examen;Mathématiques pour tous;A;AMPHIA3;Examen MATHS POUR TOUS S1
712692;09/12/2016;10:30;12:30;L1;MATHS;1;Examen;Mathématiques pour tous;A;AMPHIA3;Examen MATHS POUR TOUS S1
712692;09/12/2016;10:30;12:30;L1;PC;1;Examen;Mathématiques pour tous;A;AMPHIA3;Examen MATHS POUR TOUS S1
712692;09/12/2016;10:30;12:30;L1;INFO;1;Examen;Mathématiques pour tous;A;AMPHIA3;Examen MATHS POUR TOUS S1
693866;08/12/2016;10:00;13:00;M2;MEEF 4;3;Examen;ENVIRO. NUM. DE TRAVAIL ET POST. PROF. AVEC LE NUM. (1);IUA;IUFM_TICE;ET des dispensés d'assiduité
693866;08/12/2016;10:00;13:00;M2;PIF;3;Examen;INTEG. DES TICE DANS LA SPECIALITE (1);IUA;IUFM_TICE;ET des dispensés d'assiduité
693866;08/12/2016;10:00;13:00;M2;PIF;3;Examen;ENVIRO. NUM. DE TRAVAIL ET POST. PROF. AVEC LE NUM. (1);IUA;IUFM_TICE;ET des dispensés d'assiduité
693866;08/12/2016;10:00;13:00;M2;MEEF 4;3;Examen;INTEG. DES TICE DANS LA SPECIALITE (1);IUA;IUFM_TICE;ET des dispensés d'assiduité
711491;05/12/2016;08:00;13:00;M2;Anglais;1;Examen;COMMENTAIRE DIRIGE CIVILISATION;E;AMPHI-E;CC2+ET
711491;05/12/2016;08:00;13:00;M2;MEEF Secondaire;1;Examen;COMMENTAIRE DIRIGE CIVILISATION;E;AMPHI-E;CC2+ET
711492;08/12/2016;08:00;13:00;M2;Anglais;1;Examen;THEME, VERSION, EXPLICATION, CHOIX TRADUCTION;E;AMPHI-E;CC+ET
711492;08/12/2016;08:00;13:00;M2;MEEF Secondaire;1;Examen;THEME, VERSION, EXPLICATION, CHOIX TRADUCTION;E;AMPHI-E;CC+ET
714139;05/12/2016;12:00;13:00;M2;Tahitien-Lettres;1;Examen;LANGUES POLYNESIENNES.TRADUCTION;IUA;TP1;CC+ET
714139;05/12/2016;12:00;13:00;M2;MEEF Secondaire;1;Examen;LANGUES POLYNESIENNES.TRADUCTION;IUA;TP1;CC+ET
702159;21/11/2016;07:30;13:20;M2;Droit;1;Examen;DROIT DU COMMERCE INTERNATIONAL;G;G2-2EQ;M1 DAE: ORAUX - DROIT DU COMMERCE INTERNATIONAL
702159;21/11/2016;07:30;13:20;M2;Droit des activités économiques;1;Examen;DROIT DU COMMERCE INTERNATIONAL;G;G2-2EQ;M1 DAE: ORAUX - DROIT DU COMMERCE INTERNATIONAL
702159;21/11/2016;07:30;13:20;;;;Examen;DROIT DU COMMERCE INTERNATIONAL;G;G2-2EQ;M1 DAE: ORAUX - DROIT DU COMMERCE INTERNATIONAL
695382;07/12/2016;13:00;13:30;M2;P1D;3;Examen;LCP;IUB;IUFM_B21;CC +ET oral jusqu'à 16h05 pendant le TD de Mme Ree
695382;07/12/2016;13:00;13:30;M2;P1D;3;Examen;LCP;IUB;IUFM_B01;CC +ET oral jusqu'à 16h05 pendant le TD de Mme Ree
695382;07/12/2016;13:00;13:30;M2;P1D;3;Examen;LCP;IUB;IUFM_B04;CC +ET oral jusqu'à 16h05 pendant le TD de Mme Ree
716259;20/04/2017;12:00;13:30;L1;LEA;6;Examen;UECG CHORALE CLASSIQUE - EC LIBRE;A;AMPHIA3;Examen
716259;20/04/2017;12:00;13:30;L1;HISTOIRE;6;Examen;UECG CHORALE CLASSIQUE - EC LIBRE;A;AMPHIA3;Examen
716259;20/04/2017;12:00;13:30;L1;GESTION;2;Examen;UECG CHORALE CLASSIQUE - EC LIBRE;A;AMPHIA3;Examen
716259;20/04/2017;12:00;13:30;L1;LLCE;6;Examen;UECG CHORALE CLASSIQUE - EC LIBRE;A;AMPHIA3;Examen
716259;20/04/2017;12:00;13:30;L1;DROIT;6;Examen;UECG CHORALE CLASSIQUE - EC LIBRE;A;AMPHIA3;Examen
716259;20/04/2017;12:00;13:30;L1;EO;6;Examen;UECG CHORALE CLASSIQUE - EC LIBRE;A;AMPHIA3;Examen
716259;20/04/2017;12:00;13:30;L1;SVT;2;Examen;UECG CHORALE CLASSIQUE - EC LIBRE;A;AMPHIA3;Examen
716259;20/04/2017;12:00;13:30;L1;MATHS;2;Examen;UECG CHORALE CLASSIQUE - EC LIBRE;A;AMPHIA3;Examen
716259;20/04/2017;12:00;13:30;L1;LLF;6;Examen;UECG CHORALE CLASSIQUE - EC LIBRE;A;AMPHIA3;Examen
716259;20/04/2017;12:00;13:30;L1;LLF;2;Examen;UECG CHORALE CLASSIQUE - EC LIBRE;A;AMPHIA3;Examen
716259;20/04/2017;12:00;13:30;L1;LLCER;6;Examen;UECG CHORALE CLASSIQUE - EC LIBRE;A;AMPHIA3;Examen
716259;20/04/2017;12:00;13:30;L1;DROIT;2;Examen;UECG CHORALE CLASSIQUE - EC LIBRE;A;AMPHIA3;Examen
716259;20/04/2017;12:00;13:30;L1;PC;6;Examen;UECG CHORALE CLASSIQUE - EC LIBRE;A;AMPHIA3;Examen
716259;20/04/2017;12:00;13:30;L1;GESTION;6;Examen;UECG CHORALE CLASSIQUE - EC LIBRE;A;AMPHIA3;Examen
716259;20/04/2017;12:00;13:30;L1;LLCR;2;Examen;UECG CHORALE CLASSIQUE - EC LIBRE;A;AMPHIA3;Examen
716259;20/04/2017;12:00;13:30;L1;LLCER;2;Examen;UECG CHORALE CLASSIQUE - EC LIBRE;A;AMPHIA3;Examen
716259;20/04/2017;12:00;13:30;L1;LLCE;2;Examen;UECG CHORALE CLASSIQUE - EC LIBRE;A;AMPHIA3;Examen
716259;20/04/2017;12:00;13:30;L1;LEA;2;Examen;UECG CHORALE CLASSIQUE - EC LIBRE;A;AMPHIA3;Examen
716259;20/04/2017;12:00;13:30;L1;GEOGRAPHIE ET AMENAGEMENT;6;Examen;UECG CHORALE CLASSIQUE - EC LIBRE;A;AMPHIA3;Examen
716259;20/04/2017;12:00;13:30;L1;SVT;6;Examen;UECG CHORALE CLASSIQUE - EC LIBRE;A;AMPHIA3;Examen
716259;20/04/2017;12:00;13:30;L1;PC;2;Examen;UECG CHORALE CLASSIQUE - EC LIBRE;A;AMPHIA3;Examen
716259;20/04/2017;12:00;13:30;L1;LLCR;6;Examen;UECG CHORALE CLASSIQUE - EC LIBRE;A;AMPHIA3;Examen
716259;20/04/2017;12:00;13:30;L1;INFO;2;Examen;UECG CHORALE CLASSIQUE - EC LIBRE;A;AMPHIA3;Examen
716259;20/04/2017;12:00;13:30;L1;GEOGRAPHIE ET AMENAGEMENT;2;Examen;UECG CHORALE CLASSIQUE - EC LIBRE;A;AMPHIA3;Examen
716259;20/04/2017;12:00;13:30;L1;LA;6;Examen;UECG CHORALE CLASSIQUE - EC LIBRE;A;AMPHIA3;Examen
716259;20/04/2017;12:00;13:30;L1;LA;2;Examen;UECG CHORALE CLASSIQUE - EC LIBRE;A;AMPHIA3;Examen
716259;20/04/2017;12:00;13:30;L1;HISTOIRE;2;Examen;UECG CHORALE CLASSIQUE - EC LIBRE;A;AMPHIA3;Examen
716259;20/04/2017;12:00;13:30;L1;EO;2;Examen;UECG CHORALE CLASSIQUE - EC LIBRE;A;AMPHIA3;Examen
716259;20/04/2017;12:00;13:30;L1;INFO;6;Examen;UECG CHORALE CLASSIQUE - EC LIBRE;A;AMPHIA3;Examen
692789;06/12/2016;08:00;14:00;M2;MEEF Secondaire;1;Examen;LETTRES. COMPOSITION FRANCAISE;IUB;IUFM_B26;CC +ET
692789;06/12/2016;08:00;14:00;M2;Tahitien-Lettres;1;Examen;LETTRES. COMPOSITION FRANCAISE;IUB;IUFM_B26;CC +ET
714671;07/12/2016;13:30;14:15;M2;PIF;3;Examen;METHODO. DU MEMOIRE (1);IUA;IUFM_REUN;ET des dispensés d'assiduité
714671;07/12/2016;13:30;14:15;M2;PAPC1;3;Examen;METHODO. DU MEMOIRE (1);IUA;IUFM_REUN;ET des dispensés d'assiduité
714671;07/12/2016;13:30;14:15;M2;PAPC2;3;Examen;METHODO. DU MEMOIRE (1);IUA;IUFM_REUN;ET des dispensés d'assiduité
714671;07/12/2016;13:30;14:15;M2;MEEF 4;3;Examen;METHODO. DU MEMOIRE (1);IUA;IUFM_REUN;ET des dispensés d'assiduité
714671;07/12/2016;13:30;14:15;M2;MEEF Primaire;3;Examen;METHODO. DU MEMOIRE (1);IUA;IUFM_REUN;ET des dispensés d'assiduité
714671;07/12/2016;13:30;14:15;M2;MEEF Secondaire;3;Examen;METHODO. DU MEMOIRE (1);IUA;IUFM_REUN;ET des dispensés d'assiduité
692684;07/12/2016;13:00;14:30;M2;Tahitien-Lettres;1;Examen;STAGE D'OBSERVATION ET DE PRATIQUE ACCOMPAGNEE (1);IUB;IUFM_B11;ET dispensés d'assiduitéSalle de préparation B 1
692684;07/12/2016;13:00;14:30;DU0;TRONC COMMUN MEEF2;1;Examen;STAGE D'OBSERVATION ET DE PRATIQUE ACCOMPAGNEE (1);IUB;IUFM_B13;ET dispensés d'assiduitéSalle de préparation B 1
692684;07/12/2016;13:00;14:30;M2;Tahitien-Lettres;1;Examen;STAGE D'OBSERVATION ET DE PRATIQUE ACCOMPAGNEE (1);IUB;IUFM_B13;ET dispensés d'assiduitéSalle de préparation B 1
692684;07/12/2016;13:00;14:30;DU0;TRONC COMMUN MEEF2;1;Examen;STAGE D'OBSERVATION ET DE PRATIQUE ACCOMPAGNEE (1);IUB;IUFM_B11;ET dispensés d'assiduitéSalle de préparation B 1
692684;07/12/2016;13:00;14:30;M2;MEEF Secondaire;1;Examen;STAGE D'OBSERVATION ET DE PRATIQUE ACCOMPAGNEE (1);IUB;IUFM_B11;ET dispensés d'assiduitéSalle de préparation B 1
692684;07/12/2016;13:00;14:30;M2;MEEF Secondaire;1;Examen;STAGE D'OBSERVATION ET DE PRATIQUE ACCOMPAGNEE (1);IUB;IUFM_B13;ET dispensés d'assiduitéSalle de préparation B 1
693656;08/12/2016;13:30;14:30;M2;P2D;3;Examen;LE CONTEXTE POLYNESIEN;IUA;IUFM_REUN;ET
693656;08/12/2016;13:30;14:30;M2;PAPC2;3;Examen;LE CONTEXTE POLYNESIEN;IUA;IUFM_REUN;ET
693656;08/12/2016;13:30;14:30;M2;PIF;3;Examen;LE CONTEXTE POLYNESIEN;IUA;IUFM_REUN;ET
700787;07/12/2016;13:30;14:30;L1;GESTION;5;Examen;MARKETING DES SERVICES ET DU TOURISME;A;AMPHIA1;L3EG: CC ASSIDUS + ET DISPENSES
704133;05/12/2016;13:00;14:30;M2;PAPC1;3;Examen;CDPC1 (1)-FRANCAIS;IUA;IUFM_REUN; CC + ET 
704133;05/12/2016;13:00;14:30;M2;MEEF Primaire;3;Examen;CDPC1 (1)-FRANCAIS;IUA;IUFM_REUN; CC + ET 
689755;28/11/2016;13:30;15:00;L1;DROIT;3;Examen;DROIT PENAL GENERAL;E;E4-1EQCL;L1 LEA 1H UNIQUEMENT DISPENSESL2 DROIT 1H30 UNIQ
689755;28/11/2016;13:30;15:00;L1;LEA;1;Examen;INTRODUCTION GENERALE AU DROIT;E;E4-1EQCL;L1 LEA 1H UNIQUEMENT DISPENSESL2 DROIT 1H30 UNIQ
690608;30/11/2016;13:00;15:00;;;;Examen;LANGUE FRANCAISE  S1;G;G3-1EQCL;LANGUE FRANçAISE UNIQUEMENT NON ASSIDUS
690608;30/11/2016;13:00;15:00;L1;LA;1;Examen;LANGUE FRANCAISE  S1;G;G3-1EQCL;LANGUE FRANçAISE UNIQUEMENT NON ASSIDUS
690608;30/11/2016;13:00;15:00;L1;LLCER;1;Examen;LANGUE FRANCAISE  S1;G;G3-1EQCL;LANGUE FRANçAISE UNIQUEMENT NON ASSIDUS
690608;30/11/2016;13:00;15:00;L1;HISTOIRE;1;Examen;Langue française et expression écrite;G;G3-1EQCL;LANGUE FRANçAISE UNIQUEMENT NON ASSIDUS
690608;30/11/2016;13:00;15:00;L1;LLF;1;Examen;LANGUE FRANCAISE  S1;G;G3-1EQCL;LANGUE FRANçAISE UNIQUEMENT NON ASSIDUS
690608;30/11/2016;13:00;15:00;L1;LLCER;1;Examen;LANGUE FRANCAISE ;G;G3-1EQCL;LANGUE FRANçAISE UNIQUEMENT NON ASSIDUS
690608;30/11/2016;13:00;15:00;L1;LLCR;1;Examen;LANGUE FRANCAISE ;G;G3-1EQCL;LANGUE FRANçAISE UNIQUEMENT NON ASSIDUS
690608;30/11/2016;13:00;15:00;L1;GEOGRAPHIE ET AMENAGEMENT;1;Examen;Langue française et expression écrite;G;G3-1EQCL;LANGUE FRANçAISE UNIQUEMENT NON ASSIDUS
690608;30/11/2016;13:00;15:00;L1;LEA;1;Examen;LANGUE FRANCAISE ET EXPRESSION ECRITE;G;G3-1EQCL;LANGUE FRANçAISE UNIQUEMENT NON ASSIDUS
690608;30/11/2016;13:00;15:00;L1;LLCE;1;Examen;LANGUE FRANCAISE  S1;G;G3-1EQCL;LANGUE FRANçAISE UNIQUEMENT NON ASSIDUS
691413;08/12/2016;14:00;15:00;PACES0;PACES;1;Examen;INITIATION A LA CONNAISSANCE DU MEDICAMENT (Médecine);A;AMPHIA1;PACES1-UE6:Initiation à la connaissance du médicam
691588;01/12/2016;13:30;15:00;L1;DROIT;1;Examen;INTRODUCTION GENERALE AU DROIT;A;AMPHIA1;L1 DROIT: CONTROLE CONTINU ASSIDUS ET DISPENSES
691910;07/12/2016;13:30;15:00;L1;MATHS;3;Examen;Algorithmique et Programmation Niveau 2;B;B2-4-TP;Examen
691910;07/12/2016;13:30;15:00;L1;INFO;3;Examen;Algorithmique et programmation Niveau 2;B;B2-4-TP;Examen
692090;28/11/2016;13:30;15:00;L1;INFO;3;Examen;Javascript;B;B2-3-TP;Examen
692501;21/11/2016;13:30;15:00;L1;DROIT;1;Examen;INTRODUCTION  A LA GESTION;A;AMPHIA1;L1 DROIT:CONTROLE CONTINU ASSIDUS ET DISPENSES
692511;05/12/2016;13:30;15:00;L1;DROIT;3;Examen;INSTITUTIONS EUROPEENNES;A;AMPHIA3;L2 DROIT: ET ASSIDUS + DISPENSES - Tiers-temps - 
692523;05/12/2016;13:30;15:00;L1;SVT;3;Examen;Physiologie cellulaire et de la communication;G;G3-1EQCL;Examen
692895;07/12/2016;13:30;15:00;L1;LLCER;3;Examen;DIDACTIQUE DE LA LITTERATURE S3;G;G3-1EQCL;DIDACTIQUE DE LA LITTERATURE S3
692895;07/12/2016;13:30;15:00;L1;LLCE;3;Examen;DIDACTIQUE DE LA LITTERATURE S3;G;G3-1EQCL;DIDACTIQUE DE LA LITTERATURE S3
692895;07/12/2016;13:30;15:00;L1;LA;3;Examen;DIDACTIQUE DE LA LITTERATURE S3;G;G3-1EQCL;DIDACTIQUE DE LA LITTERATURE S3
692955;01/12/2016;13:30;15:00;L1;GESTION;1;Examen;ESPAGNOL 1;B;B1-1;L1EG: Uniquement les dispensés
693002;06/12/2016;13:30;15:00;L1;GESTION;5;Examen;ANGLAIS 5;E;E1-1EQCL;L3EG: ET - Uniquement les dispensés
693101;04/01/2017;13:30;15:00;L1;DROIT;3;Examen;METHODOLOGIE DES SCIENCES SOCIALES;A;AMPHIA2;L2 DROIT: ET ASSIDUS + DISPENSES - Tiers-temps - 
693913;06/12/2016;13:30;15:00;M2;PAPC2;3;Examen;HISTOIRE GEOGRAPHIE;IUB;IUFM_B04;CC +ET Assidus et dispensés d'assiduité
693913;06/12/2016;13:30;15:00;M2;MEEF Secondaire;3;Examen;HISTOIRE GEOGRAPHIE;IUB;IUFM_B04;CC +ET Assidus et dispensés d'assiduité
695488;05/12/2016;13:00;15:00;L1;GESTION;3;Examen;CONTROLE DE GESTION;A;AMPHIA1;L2EG:CONTROLE CONTINU ASSIDUS ET DISPENSES
695498;05/12/2016;13:00;15:00;L1;LLCER;3;Examen;PREHISTOIRE OCEANIENNE;G;G2-1EQ;Assidus et non assidus
695498;05/12/2016;13:00;15:00;L1;LLCR;3;Examen;PREHISTOIRE OCEANIENNE;G;G2-1EQ;Assidus et non assidus
695512;01/12/2016;12:00;15:00;L1;LLCER;5;Examen;CYCLES HEROIQUES;E;E4-1EQCL;Assidus et non assidus
695512;01/12/2016;12:00;15:00;L1;LLCR;5;Examen;CYCLES HEROIQUES;E;E4-1EQCL;Assidus et non assidus
695535;08/12/2016;13:00;15:00;L1;LLCER;1;Examen;DIALECTOLOGIE POLYNESIENNE;B;B1-1;Non assidus uniquement
695535;08/12/2016;13:00;15:00;L1;LLCR;1;Examen;DIALECTOLOGIE POLYNESIENNE;B;B1-1;Non assidus uniquement
696175;24/11/2016;13:30;15:00;L1;DROIT;5;Examen;DROIT MATERIEL DE L'UNION EUROPEENNE;A;AMPHIA2;Examen Anticipé ASSIDUS + DISPENSES
696293;29/11/2016;12:00;15:00;L1;DROIT;5;Examen;DROIT PENAL SPECIAL ET CRIMINOLOGIE;E;AMPHI-E;CONTROLE CONTINU ASSIDUS ET DISPENSES - 
709070;01/12/2016;13:00;15:00;L1;LLCR;1;Examen;CULTURE GENERALE ;G;G3-1EQCL;EXAMEN CULTURE GENERALE UNIQUEMENT ETUDIANTS NON A
709070;01/12/2016;13:00;15:00;L1;GEOGRAPHIE ET AMENAGEMENT;1;Examen;Culture générale;G;G3-1EQCL;EXAMEN CULTURE GENERALE UNIQUEMENT ETUDIANTS NON A
709070;01/12/2016;13:00;15:00;L1;LLCE;1;Examen;CULTURE GENERALE  S1;G;G3-1EQCL;EXAMEN CULTURE GENERALE UNIQUEMENT ETUDIANTS NON A
709070;01/12/2016;13:00;15:00;L1;LA;1;Examen;CULTURE GENERALE  S1;G;G3-1EQCL;EXAMEN CULTURE GENERALE UNIQUEMENT ETUDIANTS NON A
709070;01/12/2016;13:00;15:00;L1;LEA;1;Examen;CULTURE GENERALE ;G;G3-1EQCL;EXAMEN CULTURE GENERALE UNIQUEMENT ETUDIANTS NON A
709070;01/12/2016;13:00;15:00;;;;Examen;CULTURE GENERALE  S1;G;G3-1EQCL;EXAMEN CULTURE GENERALE UNIQUEMENT ETUDIANTS NON A
709070;01/12/2016;13:00;15:00;L1;HISTOIRE;1;Examen;Culture générale;G;G3-1EQCL;EXAMEN CULTURE GENERALE UNIQUEMENT ETUDIANTS NON A
709070;01/12/2016;13:00;15:00;L1;LLCER;1;Examen;CULTURE GENERALE ;G;G3-1EQCL;EXAMEN CULTURE GENERALE UNIQUEMENT ETUDIANTS NON A
709070;01/12/2016;13:00;15:00;L1;LLCER;1;Examen;CULTURE GENERALE  S1;G;G3-1EQCL;EXAMEN CULTURE GENERALE UNIQUEMENT ETUDIANTS NON A
710458;09/12/2016;13:30;15:00;M2;Anglais;1;Examen;ENSEIGNER, APPRENDRE : QUEL CADRE, QUELS ENJEUX;IUA;IUFM_REUN;CC des assidus en Reo uniquement + ET dispensés d'
715782;30/03/2017;13:00;15:00;L1;GEOGRAPHIE ET AMENAGEMENT;6;Examen;DANSE POLYNESIENNE -  EC LIBRE;A;AMPHIA3;Examen
715782;30/03/2017;13:00;15:00;L1;LLF;6;Examen;DANSE POLYNESIENNE -  EC LIBRE;A;AMPHIA3;Examen
715782;30/03/2017;13:00;15:00;L1;LLCER;6;Examen;DANSE POLYNESIENNE -  EC LIBRE;A;AMPHIA3;Examen
715782;30/03/2017;13:00;15:00;L1;SVT;6;Examen;DANSE POLYNESIENNE -  EC LIBRE;A;AMPHIA3;Examen
715782;30/03/2017;13:00;15:00;L1;PC;6;Examen;DANSE POLYNESIENNE -  EC LIBRE;A;AMPHIA3;Examen
715782;30/03/2017;13:00;15:00;L1;LA;6;Examen;DANSE POLYNESIENNE -  EC LIBRE;A;AMPHIA3;Examen
715782;30/03/2017;13:00;15:00;L1;LA;2;Examen;DANSE POLYNESIENNE -  EC LIBRE;A;AMPHIA3;Examen
715782;30/03/2017;13:00;15:00;L1;LLCR;6;Examen;DANSE POLYNESIENNE -  EC LIBRE;A;AMPHIA3;Examen
715782;30/03/2017;13:00;15:00;L1;GESTION;2;Examen;DANSE POLYNESIENNE -  EC LIBRE;A;AMPHIA3;Examen
715782;30/03/2017;13:00;15:00;L1;MATHS;2;Examen;DANSE POLYNESIENNE -  EC LIBRE;A;AMPHIA3;Examen
715782;30/03/2017;13:00;15:00;L1;LLCE;6;Examen;DANSE POLYNESIENNE -  EC LIBRE;A;AMPHIA3;Examen
715782;30/03/2017;13:00;15:00;L1;DROIT;6;Examen;DANSE POLYNESIENNE -  EC LIBRE;A;AMPHIA3;Examen
715782;30/03/2017;13:00;15:00;L1;LLCER;2;Examen;DANSE POLYNESIENNE -  EC LIBRE;A;AMPHIA3;Examen
715782;30/03/2017;13:00;15:00;L1;HISTOIRE;2;Examen;DANSE POLYNESIENNE -  EC LIBRE;A;AMPHIA3;Examen
715782;30/03/2017;13:00;15:00;L1;GESTION;6;Examen;DANSE POLYNESIENNE -  EC LIBRE;A;AMPHIA3;Examen
715782;30/03/2017;13:00;15:00;L1;HISTOIRE;6;Examen;DANSE POLYNESIENNE -  EC LIBRE;A;AMPHIA3;Examen
715782;30/03/2017;13:00;15:00;L1;DROIT;2;Examen;DANSE POLYNESIENNE -  EC LIBRE;A;AMPHIA3;Examen
715782;30/03/2017;13:00;15:00;L1;INFO;6;Examen;DANSE POLYNESIENNE -  EC LIBRE;A;AMPHIA3;Examen
715782;30/03/2017;13:00;15:00;L1;LLCR;2;Examen;DANSE POLYNESIENNE -  EC LIBRE;A;AMPHIA3;Examen
715782;30/03/2017;13:00;15:00;L1;LEA;2;Examen;DANSE POLYNESIENNE -  EC LIBRE;A;AMPHIA3;Examen
715782;30/03/2017;13:00;15:00;L1;EO;6;Examen;DANSE POLYNESIENNE -  EC LIBRE;A;AMPHIA3;Examen
715782;30/03/2017;13:00;15:00;L1;EO;2;Examen;DANSE POLYNESIENNE -  EC LIBRE;A;AMPHIA3;Examen
715782;30/03/2017;13:00;15:00;L1;PC;2;Examen;DANSE POLYNESIENNE -  EC LIBRE;A;AMPHIA3;Examen
715782;30/03/2017;13:00;15:00;L1;GEOGRAPHIE ET AMENAGEMENT;2;Examen;DANSE POLYNESIENNE -  EC LIBRE;A;AMPHIA3;Examen
715782;30/03/2017;13:00;15:00;L1;LLCE;2;Examen;DANSE POLYNESIENNE -  EC LIBRE;A;AMPHIA3;Examen
715782;30/03/2017;13:00;15:00;L1;LLF;2;Examen;DANSE POLYNESIENNE -  EC LIBRE;A;AMPHIA3;Examen
715782;30/03/2017;13:00;15:00;L1;LEA;6;Examen;DANSE POLYNESIENNE -  EC LIBRE;A;AMPHIA3;Examen
715782;30/03/2017;13:00;15:00;L1;SVT;2;Examen;DANSE POLYNESIENNE -  EC LIBRE;A;AMPHIA3;Examen
715782;30/03/2017;13:00;15:00;L1;INFO;2;Examen;DANSE POLYNESIENNE -  EC LIBRE;A;AMPHIA3;Examen
717482;06/04/2017;13:30;15:00;M2;MEEF Primaire;4;Examen;CDPC1 (2)-MATHEMATIQUES;IUA;IUFM_REUN;Examen anticipé ASSIDUS et DISPENSE d'ASSIDUITE
717482;06/04/2017;13:30;15:00;M2;PAPC1;4;Examen;CDPC1 (2)-MATHEMATIQUES;IUA;IUFM_REUN;Examen anticipé ASSIDUS et DISPENSE d'ASSIDUITE
717602;28/04/2017;13:30;15:00;L1;DROIT;4;Examen;DROIT CIVIL (les biens);A;AMPHIA1;ET -
717697;27/04/2017;13:30;15:00;L1;DROIT;4;Examen;PROCEDURE PENALE;A;AMPHIA3;ET - Tiers-temps - Durée de l'épreuve 2h (13h30-
717708;27/04/2017;13:00;15:00;L1;GEOGRAPHIE ET AMENAGEMENT;2;Examen;LVE ESPAGNOL S2;G;G1-1EQ;UNIQUEMENT DISPENSES LVE ESPAGNOL S2
717708;27/04/2017;13:00;15:00;L1;LLCER;2;Examen;LVE ESPAGNOL S2;G;G1-1EQ;UNIQUEMENT DISPENSES LVE ESPAGNOL S2
717708;27/04/2017;13:00;15:00;L1;HISTOIRE;2;Examen;LVE ESPAGNOL S2;G;G1-1EQ;UNIQUEMENT DISPENSES LVE ESPAGNOL S2
717708;27/04/2017;13:00;15:00;L1;LLCR;2;Examen;LVE ESPAGNOL S2;G;G1-1EQ;UNIQUEMENT DISPENSES LVE ESPAGNOL S2
717722;26/04/2017;13:00;15:00;L1;LLCR;4;Examen;LVE ANGLAIS S4;G;G3-1EQCL;uniquement dispenses LVE Anglais S4
717722;26/04/2017;13:00;15:00;L1;LA;4;Examen;LV ANGLAIS S4;G;G3-1EQCL;uniquement dispenses LVE Anglais S4
717722;26/04/2017;13:00;15:00;L1;GEOGRAPHIE ET AMENAGEMENT;4;Examen;LVE ANGLAIS S4;G;G3-1EQCL;uniquement dispenses LVE Anglais S4
717722;26/04/2017;13:00;15:00;L1;LLCER;4;Examen;LVE ANGLAIS S4;G;G3-1EQCL;uniquement dispenses LVE Anglais S4
717722;26/04/2017;13:00;15:00;L1;HISTOIRE;4;Examen;LVE ANGLAIS S4;G;G3-1EQCL;uniquement dispenses LVE Anglais S4
717724;26/04/2017;13:00;15:00;L1;LLCR;4;Examen;LVE ESPAGNOL S4;G;G1-1EQ;UNIQUEMENT DISPENSES LVE ESPAGNOL S4
717724;26/04/2017;13:00;15:00;L1;LLCER;4;Examen;LV ESPAGNOL S4;G;G1-1EQ;UNIQUEMENT DISPENSES LVE ESPAGNOL S4
717724;26/04/2017;13:00;15:00;L1;LLCE;4;Examen;LV ESPAGNOL S4;G;G1-1EQ;UNIQUEMENT DISPENSES LVE ESPAGNOL S4
717724;26/04/2017;13:00;15:00;L1;HISTOIRE;4;Examen;LVE ESPAGNOL S4;G;G1-1EQ;UNIQUEMENT DISPENSES LVE ESPAGNOL S4
717724;26/04/2017;13:00;15:00;L1;LLCER;4;Examen;LVE ESPAGNOL S4;G;G1-1EQ;UNIQUEMENT DISPENSES LVE ESPAGNOL S4
717724;26/04/2017;13:00;15:00;L1;GEOGRAPHIE ET AMENAGEMENT;4;Examen;LVE ESPAGNOL S4;G;G1-1EQ;UNIQUEMENT DISPENSES LVE ESPAGNOL S4
717724;26/04/2017;13:00;15:00;L1;LA;4;Examen;LV ESPAGNOL S4;G;G1-1EQ;UNIQUEMENT DISPENSES LVE ESPAGNOL S4
692148;08/12/2016;13:30;15:30;L1;DROIT;3;Examen;FINANCES PUBLIQUES;A;AMPHIA3;L2 DROIT: ET ASSIDUS + DISPENSES Tiers-temps - Du
692574;08/12/2016;13:30;15:30;L1;SVT;1;Examen;Préparation au Certificat Informatique Internet (C2i);B;B2-4-TP;UNIQUEMENT DISPENSES C2i
692574;08/12/2016;13:30;15:30;L1;LEA;3;Examen;INFORMATIQUE 1 - PREPARATION AU C2i;B;B2-4-TP;UNIQUEMENT DISPENSES C2i
692574;08/12/2016;13:30;15:30;L1;MATHS;1;Examen;Préparation au Certificat Informatique Internet (C2i);B;B2-4-TP;UNIQUEMENT DISPENSES C2i
692574;08/12/2016;13:30;15:30;L1;PC;1;Examen;Préparation au Certificat Informatique Internet (C2i);B;B2-4-TP;UNIQUEMENT DISPENSES C2i
692574;08/12/2016;13:30;15:30;L1;INFO;1;Examen;Préparation au Certificat Informatique Internet (C2i);B;B2-4-TP;UNIQUEMENT DISPENSES C2i
692574;08/12/2016;13:30;15:30;L1;GESTION;3;Examen;PREPARATION AU CERTIFICAT INFORMATIQUE ET INTERNET (C2i);B;B2-4-TP;UNIQUEMENT DISPENSES C2i
694800;10/04/2017;13:30;15:30;L1;LLCER;4;Examen;EXPRESSION ECRITE & CERTIFICATION VOLTAIRE - ANG;A;AMPHIA1;Examen
694800;10/04/2017;13:30;15:30;L1;LLF;4;Examen;EXPRESSION ECRITE & CERTIFICATION VOLTAIRE - LA;A;AMPHIA1;Examen
694800;10/04/2017;13:30;15:30;L1;LLCER;4;Examen;EXPRESSION ECRITE & CERTIFICATION VOLTAIRE - LP;A;AMPHIA1;Examen
694800;10/04/2017;13:30;15:30;L1;LLCE;4;Examen;EXPRESSION ECRITE & CERTIFICATION VOLTAIRE - ANG;A;AMPHIA1;Examen
694800;10/04/2017;13:30;15:30;L1;LA;4;Examen;EXPRESSION ECRITE & CERTIFICATION VOLTAIRE - LA;A;AMPHIA1;Examen
694800;10/04/2017;13:30;15:30;L1;LEA;4;Examen;EXPRESSION ECRITE & CERTIFICATION VOLTAIRE - LEA;A;AMPHIA1;Examen
695551;17/11/2016;13:30;15:30;M2;EIO;3;Examen;Aquaculture;B;B1-1;Examen
717719;27/04/2017;13:00;15:30;L1;LLCER;2;Examen;LVE ANGLAIS S2;G;G3-1EQCL;UNIQUEMENT DISPENSES LVE ANGLAIS + TIERS TEMPS EN 
717719;27/04/2017;13:00;15:30;L1;HISTOIRE;2;Examen;LVE ANGLAIS S2;G;G3-1EQCL;UNIQUEMENT DISPENSES LVE ANGLAIS + TIERS TEMPS EN 
717719;27/04/2017;13:00;15:30;L1;GEOGRAPHIE ET AMENAGEMENT;2;Examen;LVE ANGLAIS S2;G;G3-1EQCL;UNIQUEMENT DISPENSES LVE ANGLAIS + TIERS TEMPS EN 
717719;27/04/2017;13:00;15:30;L1;LLCR;2;Examen;LVE ANGLAIS S2;G;G3-1EQCL;UNIQUEMENT DISPENSES LVE ANGLAIS + TIERS TEMPS EN 
691410;06/12/2016;14:00;15:45;PACES0;PACES;1;Examen;LA CELLULE ET LES TISSUS (Médecine);A;AMPHIA1; PACES1-UE2A:La cellule et les tissus
692588;30/11/2016;14:00;16:00;L1;GESTION;1;Examen;GESTION DES RESSOURCES HUMAINES;A;AMPHIA1;L1EG: CONTROLE CONTINU ASSIDUS ET DISPENSES
692588;30/11/2016;14:00;16:00;L1;GESTION;1;Examen;GESTION DES RESSOURCES HUMAINES;A;AMPHIA3;L1EG: CONTROLE CONTINU ASSIDUS ET DISPENSES
693306;08/12/2016;15:00;16:00;M2;Anglais;1;Examen;LVE MANDARIN;IUB;IUFM_B13;CC+ET
693306;08/12/2016;15:00;16:00;M2;PIF;3;Examen;LVE MANDARIN;IUB;IUFM_B13;CC+ET
693456;24/11/2016;14:00;16:00;M2;EIO;3;Examen;Chimiodiversité : Méthodologie;B;B1-1;Examen
694789;06/12/2016;15:00;16:00;M2;MEEF Primaire;1;Examen;EDUCATION MUSICALE ;IUA;IUFM_REUN;CC +ET
694789;06/12/2016;15:00;16:00;M2;PE;1;Examen;EDUCATION MUSICALE ;IUA;IUFM_REUN;CC +ET
695521;06/12/2016;13:00;16:00;L1;LLCR;5;Examen;GENRES LITTERAIRES;E;E3-2EQ;Non assidus uniquement
695521;06/12/2016;13:00;16:00;L1;LLCER;5;Examen;GENRES LITTERAIRES;E;E3-2EQ;Non assidus uniquement
708648;05/12/2016;14:30;16:00;M2;Anglais;1;Examen;EPISTEMOLOGIE ET HISTOIRE DE LA DISCIPLINE 1 (ANGLAIS);IUB;IUFM_B26;CC+ET
708648;05/12/2016;14:30;16:00;M2;MEEF Secondaire;1;Examen;EPISTEMOLOGIE ET HISTOIRE DE LA DISCIPLINE 1 (ANGLAIS);IUB;IUFM_B26;CC+ET
711711;07/12/2016;14:30;16:00;M2;PAPC2;3;Examen;PRINC. FONDAM. DU SYST. EDUC.;IUB;IUFM_B11;ET des dispensés d'assiduité
711711;07/12/2016;14:30;16:00;M2;PIF;3;Examen;PRINC. FONDAM. DU SYST. EDUC.;IUB;IUFM_B11;ET des dispensés d'assiduité
711711;07/12/2016;14:30;16:00;M2;PAPC1;3;Examen;PRINC. FONDAM. DU SYST. EDUC.;IUB;IUFM_B11;ET des dispensés d'assiduité
694233;08/12/2016;15:15;16:15;M2;PAPC2;3;Examen;LVE ESPAGNOL;IUB;IUFM_B11;CC + ET 
694233;08/12/2016;15:15;16:15;M2;P2D;3;Examen;LVE ESPAGNOL;IUB;IUFM_B11;CC + ET 
690070;31/10/2016;15:00;16:30;L1;LA;5;Examen;LINGUISTIQUE 3 : SEMANTIQUE ET PRAGMATIQUE;B;B1-1;CC2 + ET
690429;02/12/2016;13:30;16:30;L1;LLCE;3;Examen;LITTERATURE BRITANNIQUE 1 S3;E;E4-1EQCL;Examen
690429;02/12/2016;13:30;16:30;L1;LLCER;3;Examen;LITTERATURE BRITANNIQUE 1 S3;E;E4-1EQCL;Examen
690704;24/11/2016;13:30;16:30;L1;INFO;3;Examen;Algèbre linéaire 2;F;F1-1EQ;Examen
690704;24/11/2016;13:30;16:30;L1;MATHS;3;Examen;Algèbre linéaire 2;F;F1-1EQ;Examen
690705;25/11/2016;13:30;16:30;L1;MATHS;5;Examen;Groupes et anneaux;E;E4-1EQCL;Examen
691843;21/11/2016;13:30;16:30;L1;MATHS;5;Examen;Topologie des espaces métriques;A;A1-1EQ-U;Examen
692888;29/11/2016;13:30;16:30;L1;LA;1;Examen;ATELIER THEATRE S1;IUB;IUFM_B05;ATELIER DE THEATRE S1
692888;29/11/2016;13:30;16:30;L1;LLF;1;Examen;ATELIER THEATRE S1;IUB;IUFM_B05;ATELIER DE THEATRE S1
692891;08/12/2016;13:30;16:30;L1;LA;1;Examen;LITTERATURE COMPAREE : LITTERATURE ET DANSE  S1;E;E1-1EQCL;LITT COMP: LITT&DANSE  S1
692891;08/12/2016;13:30;16:30;L1;LLF;1;Examen;LITTERATURE COMPAREE : LITTERATURE ET DANSE  S1;E;E1-1EQCL;LITT COMP: LITT&DANSE  S1
692902;06/12/2016;13:30;16:30;L1;LA;5;Examen;LITTERATURE FRANCAISE DU 19ème siècle/ARTS PLASTIQUES S5;A;A3-1EQ;LITTE FRAN 19ES/ARTS PLASTIQUES S5
692998;06/12/2016;13:30;16:30;L1;DROIT;3;Examen;DROIT ADMINISTRATIF 1;A;AMPHIA3;L2 DROIT: ET ASSIDUS + DISPENSES - Durée de l'épre
694804;10/04/2017;14:30;16:30;L1;INFO;4;Examen;EXPRESSION ECRITE & CERTIFICATION VOLTAIRE - I;A;AMPHIA3;Examen
694804;10/04/2017;14:30;16:30;L1;HISTOIRE;4;Examen;EXPRESSION ECRITE & CERTIFICATION VOLTAIRE - H;A;AMPHIA3;Examen
694804;10/04/2017;14:30;16:30;L1;SVT;4;Examen;EXPRESSION ECRITE & CERTIFICATION VOLTAIRE - SVT;A;AMPHIA3;Examen
694804;10/04/2017;14:30;16:30;L1;PC;4;Examen;EXPRESSION ECRITE & CERTIFICATION VOLTAIRE - PC;A;AMPHIA3;Examen
694804;10/04/2017;14:30;16:30;L1;GEOGRAPHIE ET AMENAGEMENT;4;Examen;EXPRESSION ECRITE & CERTIFICATION VOLTAIRE - G;A;AMPHIA3;Examen
694804;10/04/2017;14:30;16:30;L1;MATHS;4;Examen;EXPRESSION ECRITE & CERTIFICATION VOLTAIRE - MT;A;AMPHIA3;Examen
695400;05/12/2016;13:30;16:30;L1;HISTOIRE;5;Examen;Historiographie et nouveaux chantiers de l'histoire;G;G2-2EQ;UNIQUEMENT DISPENSES
714340;05/12/2016;13:30;16:30;M2;PIF;3;Examen;MEDIAT., SCIENTIF. ET CULT. JEUNES ET ADULTES (1);IUB;IUFM_B11;ET des dispensés d'assiduité
714340;05/12/2016;13:30;16:30;M2;MEEF 4;3;Examen;MEDIAT., SCIENTIF. ET CULT. JEUNES ET ADULTES (1);IUB;IUFM_B11;ET des dispensés d'assiduité
714341;06/12/2016;13:30;16:30;M2;MEEF 4;3;Examen;CONCEPT. D'OUTILS & D'EXPO. POUR LA VULGA. PEDAGO. SCIENT. ET TECHN. (1);IUB;IUFM_B11;ET des dispensés d'assiduité
714341;06/12/2016;13:30;16:30;M2;PIF;3;Examen;CONCEPT. D'OUTILS & D'EXPO. POUR LA VULGA. PEDAGO. SCIENT. ET TECHN. (1);IUB;IUFM_B11;ET des dispensés d'assiduité
716261;20/04/2017;14:00;16:30;L1;GEOGRAPHIE ET AMENAGEMENT;2;Examen;UECG THEATRE - EC LIBRE;A;AMPHIA3;Examen
716261;20/04/2017;14:00;16:30;L1;GEOGRAPHIE ET AMENAGEMENT;6;Examen;UECG THEATRE - EC LIBRE;A;AMPHIA3;Examen
716261;20/04/2017;14:00;16:30;L1;LLF;6;Examen;UECG THEATRE - EC LIBRE;A;AMPHIA3;Examen
716261;20/04/2017;14:00;16:30;L1;LA;6;Examen;UECG THEATRE - EC LIBRE;A;AMPHIA3;Examen
716261;20/04/2017;14:00;16:30;L1;LEA;2;Examen;UECG THEATRE - EC LIBRE;A;AMPHIA3;Examen
716261;20/04/2017;14:00;16:30;L1;LLCER;6;Examen;UECG THEATRE - EC LIBRE;A;AMPHIA3;Examen
716261;20/04/2017;14:00;16:30;L1;LLCE;2;Examen;UECG THEATRE - EC LIBRE;A;AMPHIA3;Examen
716261;20/04/2017;14:00;16:30;L1;GESTION;2;Examen;UECG THEATRE - EC LIBRE;A;AMPHIA3;Examen
716261;20/04/2017;14:00;16:30;L1;HISTOIRE;6;Examen;UECG THEATRE - EC LIBRE;A;AMPHIA3;Examen
716261;20/04/2017;14:00;16:30;L1;EO;2;Examen;UECG THEATRE - EC LIBRE;A;AMPHIA3;Examen
716261;20/04/2017;14:00;16:30;L1;PC;2;Examen;UECG THEATRE - EC LIBRE;A;AMPHIA3;Examen
716261;20/04/2017;14:00;16:30;L1;INFO;2;Examen;UECG THEATRE - EC LIBRE;A;AMPHIA3;Examen
716261;20/04/2017;14:00;16:30;L1;LLCR;6;Examen;UECG THEATRE - EC LIBRE;A;AMPHIA3;Examen
716261;20/04/2017;14:00;16:30;L1;GESTION;6;Examen;UECG THEATRE - EC LIBRE;A;AMPHIA3;Examen
716261;20/04/2017;14:00;16:30;L1;DROIT;6;Examen;UECG THEATRE - EC LIBRE;A;AMPHIA3;Examen
716261;20/04/2017;14:00;16:30;L1;INFO;6;Examen;UECG THEATRE - EC LIBRE;A;AMPHIA3;Examen
716261;20/04/2017;14:00;16:30;L1;LLCR;2;Examen;UECG THEATRE - EC LIBRE;A;AMPHIA3;Examen
716261;20/04/2017;14:00;16:30;L1;LLCE;6;Examen;UECG THEATRE - EC LIBRE;A;AMPHIA3;Examen
716261;20/04/2017;14:00;16:30;L1;DROIT;2;Examen;UECG THEATRE - EC LIBRE;A;AMPHIA3;Examen
716261;20/04/2017;14:00;16:30;L1;EO;6;Examen;UECG THEATRE - EC LIBRE;A;AMPHIA3;Examen
716261;20/04/2017;14:00;16:30;L1;PC;6;Examen;UECG THEATRE - EC LIBRE;A;AMPHIA3;Examen
716261;20/04/2017;14:00;16:30;L1;LLCER;2;Examen;UECG THEATRE - EC LIBRE;A;AMPHIA3;Examen
716261;20/04/2017;14:00;16:30;L1;LLF;2;Examen;UECG THEATRE - EC LIBRE;A;AMPHIA3;Examen
716261;20/04/2017;14:00;16:30;L1;LA;2;Examen;UECG THEATRE - EC LIBRE;A;AMPHIA3;Examen
716261;20/04/2017;14:00;16:30;L1;HISTOIRE;2;Examen;UECG THEATRE - EC LIBRE;A;AMPHIA3;Examen
716261;20/04/2017;14:00;16:30;L1;LEA;6;Examen;UECG THEATRE - EC LIBRE;A;AMPHIA3;Examen
716261;20/04/2017;14:00;16:30;L1;SVT;6;Examen;UECG THEATRE - EC LIBRE;A;AMPHIA3;Examen
716261;20/04/2017;14:00;16:30;L1;SVT;2;Examen;UECG THEATRE - EC LIBRE;A;AMPHIA3;Examen
716261;20/04/2017;14:00;16:30;L1;MATHS;2;Examen;UECG THEATRE - EC LIBRE;A;AMPHIA3;Examen
717695;18/04/2017;13:30;16:30;L1;LA;2;Examen;ATELIER D'ECRITURE  S2;E;E2-1EQCL;UNIQUEMENT DISPENSES ATELIER D'ECRITURE S2
710441;09/12/2016;15:15;16:45;M2;Anglais;1;Examen;FAIRE PARTAGER LES VALEURS DE LA REPUBLIQUE AU COEUR DE L'ECOLE.;IUA;IUFM_REUN;ET
692803;06/12/2016;15:00;17:00;L1;PC;5;Examen;Travaux Pratique de Physique 4;C;C2-2;uniquement dispensés
692815;05/12/2016;15:00;17:00;L1;SVT;1;Examen;Introduction aux TP;C;C2-2;uniquement dispensés
692815;05/12/2016;15:00;17:00;L1;MATHS;1;Examen;Introduction aux TP;C;C2-2;uniquement dispensés
692815;05/12/2016;15:00;17:00;L1;PC;1;Examen;Introduction aux TP;C;C2-2;uniquement dispensés
692815;05/12/2016;15:00;17:00;L1;INFO;1;Examen;Introduction aux TP;C;C2-2;uniquement dispensés
692894;05/12/2016;13:00;17:00;L1;LA;3;Examen;METHODOLOGIE LITTERAIRE S3;A;A3-1EQ;METHO LITTERAIRE S3
692898;09/12/2016;13:00;17:00;L1;LA;3;Examen;LITTERATURE COMPAREE S3;A;A3-1EQ;LITT COMPAREE S3
692904;08/12/2016;13:00;17:00;L1;LA;5;Examen;LITTERATURE FRANCAISE DU 18ème SIECLE S5;E;E4-2EQ;LITTE FRAN 18ES S5
695522;06/12/2016;15:00;17:00;L1;LA;1;Examen;METHODOLOGIE DU TRAVAIL UNIVERSITAIRE ET PROJET PROFESSIONNEL;G;G2-1EQ;UNIQUEMENT DISPENSES EXAMEN MTU S1
695522;06/12/2016;15:00;17:00;L1;LLCR;1;Examen;METHODOLOGIE DU TRAVAIL UNIVERSITAIRE et PROJET PROFESSIONNEL;G;G2-1EQ;UNIQUEMENT DISPENSES EXAMEN MTU S1
695522;06/12/2016;15:00;17:00;L1;LLCE;1;Examen;METHODOLOGIE DU TRAVAIL UNIVERSITAIRE ET PROJET PROFESSIONNEL S1;G;G2-1EQ;UNIQUEMENT DISPENSES EXAMEN MTU S1
695522;06/12/2016;15:00;17:00;L1;LEA;1;Examen;METHODOLOGIE DU TRAVAIL UNIVERSITAIRE ET PROJET PROFESSIONNEL 1;G;G2-1EQ;UNIQUEMENT DISPENSES EXAMEN MTU S1
695522;06/12/2016;15:00;17:00;L1;GEOGRAPHIE ET AMENAGEMENT;1;Examen;Méthodologie du travail universitaire;G;G2-1EQ;UNIQUEMENT DISPENSES EXAMEN MTU S1
695522;06/12/2016;15:00;17:00;L1;LLCER;1;Examen;	 DU TRAVAIL UNIVERSITAIRE et PROJET PROFESSIONNEL;G;G2-1EQ;UNIQUEMENT DISPENSES EXAMEN MTU S1
695522;06/12/2016;15:00;17:00;;;;Examen;METHODOLOGIE DU TRAVAIL UNIVERSITAIRE ET PROJET PROFESSIONNEL;G;G2-1EQ;UNIQUEMENT DISPENSES EXAMEN MTU S1
695522;06/12/2016;15:00;17:00;;;;Examen;Méthodologie du travail universitaire;G;G2-1EQ;UNIQUEMENT DISPENSES EXAMEN MTU S1
695522;06/12/2016;15:00;17:00;L1;LLCER;1;Examen;METHODOLOGIE DU TRAVAIL UNIVERSITAIRE ET PROJET PROFESSIONNEL S1;G;G2-1EQ;UNIQUEMENT DISPENSES EXAMEN MTU S1
695522;06/12/2016;15:00;17:00;L1;HISTOIRE;1;Examen;Méthodologie du travail universitaire;G;G2-1EQ;UNIQUEMENT DISPENSES EXAMEN MTU S1
700560;24/11/2016;15:00;17:00;L1;GESTION;3;Examen;DROIT DES CONTRATS ET DES SOCIETES;A;AMPHIA1;CONTROLE CONTINU ASSIDUS ET DISPENSES - Tiers-te
707279;05/12/2016;15:00;17:00;L1;PC;5;Examen;Travaux Pratiques de Chimie 4;C;C2-1;UNIQUEMENT DISPENSE TP CHIMIE 4
708334;30/11/2016;13:00;17:00;L1;LLCER;5;Examen;METHODOLOGIE LITTERAIRE (CONCOURS);G;G1-1EQ;Assidus et non assidus - V. Deyris
708334;30/11/2016;13:00;17:00;L1;LLCR;5;Examen;METHODOLOGIE LITTERAIRE (CONCOURS);G;G1-1EQ;Assidus et non assidus - V. Deyris
717693;19/04/2017;13:00;17:00;L1;LA;2;Examen;LITTERATURE FRANCAISE DU 18ème  S2;E;E1-1EQCL;CC2 + ET LITTERATURE FRANCAISE 18 S S2
693262;06/12/2016;15:30;17:30;L1;SVT;3;Examen;Biomolécules - Mécanismes réactionnels;E;AMPHI-E;Biomol meca s3
714924;07/12/2016;16:15;17:45;M2;PAPC1;3;Examen;ASP. PEDAGO. ET PSYCHO. DES APP. SCOL.;IUB;IUFM_B11;ET des dispensés d'assiduité
714924;07/12/2016;16:15;17:45;M2;PIF;3;Examen;ASP. PEDAGO. ET PSYCHO. DES APPRENTISS. SCOL.;IUB;IUFM_B11;ET des dispensés d'assiduité
714924;07/12/2016;16:15;17:45;M2;PAPC2;3;Examen;ASP. PEDAGO. ET PSYCHO. DES APP. SCOL.;IUB;IUFM_B11;ET des dispensés d'assiduité